person_id,person_name,party_name,effective_from,effective_to,is_current,source_url
6711b70b9f075c6c,Baker Amanda Caroline,Green Party,2022-05-05,,True,https://www.birmingham.gov.uk/directory_record/370699/acocks_green_ward_results
879f28dd240212e7,Flynn Eamonn Kevin,Trade Unionist and Socialist Coalition,2022-05-05,,True,https://www.birmingham.gov.uk/directory_record/370699/acocks_green_ward_results
1cf7a09f1777f9a9,Harmer Roger Kingdon,Liberal Democrats,2022-05-05,,True,https://www.birmingham.gov.uk/directory_record/370699/acocks_green_ward_results
32d3bfcbc7c319ca,Iqbal Malik Zafar,Local Conservatives,2022-05-05,,True,https://www.birmingham.gov.uk/directory_record/370699/acocks_green_ward_results
abd529b603e2c273,Makrinov Ninna Isabel,Labour Party,2022-05-05,,True,https://www.birmingham.gov.uk/directory_record/370699/acocks_green_ward_results
c634377bf8e16696,O'Shea John Anthony,Labour Party,2022-05-05,,True,https://www.birmingham.gov.uk/directory_record/370699/acocks_green_ward_results
4be78cf9e0432ac4,Shingadia Sunil,Local Conservatives,2022-05-05,,True,https://www.birmingham.gov.uk/directory_record/370699/acocks_green_ward_results
d82308043990da38,Wagg Penny,Liberal Democrats,2022-05-05,,True,https://www.birmingham.gov.uk/directory_record/370699/acocks_green_ward_results
a1d46b1c249795c6,Deakin Jack,Labour and Co-operative Party,2022-05-05,,True,https://www.birmingham.gov.uk/directory_record/370700/allens_cross_ward_results
693fdd0bc1b4876a,Fielden Claire Alexandra,Liberal Democrats,2022-05-05,,True,https://www.birmingham.gov.uk/directory_record/370700/allens_cross_ward_results
94d676f04796b33e,Freeman Eddie,The Conservative Party Candidate,2022-05-05,,True,https://www.birmingham.gov.uk/directory_record/370700/allens_cross_ward_results
532fb2962d37342f,Rust Daniel Brian,Green Party,2022-05-05,,True,https://www.birmingham.gov.uk/directory_record/370700/allens_cross_ward_results
d4de508c2fbdeb32,Evans Jerry,Liberal Democrats,2022-05-05,,True,https://www.birmingham.gov.uk/directory_record/370701/alum_rock_ward_results
807939639bb33ccd,Hussain Ishraq,Liberal Democrats,2022-05-05,,True,https://www.birmingham.gov.uk/directory_record/370701/alum_rock_ward_results
59c4a38b1484708e,Idrees Mohammed,Labour Party,2022-05-05,,True,https://www.birmingham.gov.uk/directory_record/370701/alum_rock_ward_results
3ea25b698e3d5267,Khan Mariam,Labour Party,2022-05-05,,True,https://www.birmingham.gov.uk/directory_record/370701/alum_rock_ward_results
06f5a1e72b9eac2a,Rani Farhat,Local Conservatives,2022-05-05,,True,https://www.birmingham.gov.uk/directory_record/370701/alum_rock_ward_results
c6c720661f90ad1a,Yousaf Wasim,Local Conservatives,2022-05-05,,True,https://www.birmingham.gov.uk/directory_record/370701/alum_rock_ward_results
3f449d7ad171322a,Afzal Muhammad,Labour Party,2022-05-05,,True,https://www.birmingham.gov.uk/directory_record/370702/aston_ward_results
b37667c08af35648,Choudhury Jahid,Local Conservatives,2022-05-05,,True,https://www.birmingham.gov.uk/directory_record/370702/aston_ward_results
abcd3e0d6ebd4d66,Coke Raymond George,We Matter Party,2022-05-05,,True,https://www.birmingham.gov.uk/directory_record/370702/aston_ward_results
7ae8a8567c7d1902,Gerald Dorothy Elizabeth,We Matter Party,2022-05-05,,True,https://www.birmingham.gov.uk/directory_record/370702/aston_ward_results
46e061b269ec70dd,Hakim Lokman,Local Conservatives,2022-05-05,,True,https://www.birmingham.gov.uk/directory_record/370702/aston_ward_results
7b7bd1b1a0bfb894,Hussain Mumtaz,Liberal Democrats,2022-05-05,,True,https://www.birmingham.gov.uk/directory_record/370702/aston_ward_results
d5fa29fb1a267444,Kauser Nagina,Labour Party,2022-05-05,,True,https://www.birmingham.gov.uk/directory_record/370702/aston_ward_results
19738e5d1cef6c1b,Khan Ayoub,Liberal Democrats,2022-05-05,,True,https://www.birmingham.gov.uk/directory_record/370702/aston_ward_results
925d796a0dae9e7b,Meah Nazma Begum,Breakthrough Party,2022-05-05,,True,https://www.birmingham.gov.uk/directory_record/370702/aston_ward_results
61eacd7eb0b04249,Guest Carol,Green Party,2022-05-05,,True,https://www.birmingham.gov.uk/directory_record/370704/balsall_heath_west_ward_results
9c4e2d8c03f4eace,Khatoon Haleema,Liberal Democrats,2022-05-05,,True,https://www.birmingham.gov.uk/directory_record/370704/balsall_heath_west_ward_results
54d01f5e363a4827,Malik Zhor,Local Conservatives,2022-05-05,,True,https://www.birmingham.gov.uk/directory_record/370704/balsall_heath_west_ward_results
48fbd60a5250aa54,Moledina Shehla,Labour Party,2022-05-05,,True,https://www.birmingham.gov.uk/directory_record/370704/balsall_heath_west_ward_results
22a882116b98921d,Scrivens Paul Jonathan,Workers Party - Birmingham,2022-05-05,,True,https://www.birmingham.gov.uk/directory_record/370704/balsall_heath_west_ward_results
2d84e3e9f72e7042,Brewer Kerry,Local Conservatives,2022-05-05,,True,https://www.birmingham.gov.uk/directory_record/370705/bartley_green_ward_results
155a885eac5d2a37,Hook Elaine,Labour and Co-operative Party,2022-05-05,,True,https://www.birmingham.gov.uk/directory_record/370705/bartley_green_ward_results
4aabb03a05c9f417,Knowles Martin John,Liberal Democrats,2022-05-05,,True,https://www.birmingham.gov.uk/directory_record/370705/bartley_green_ward_results
399c118631a2010f,Lines Bruce John,Local Conservatives,2022-05-05,,True,https://www.birmingham.gov.uk/directory_record/370705/bartley_green_ward_results
b733f2520b58b52b,Morrow Jacob,Liberal Democrats,2022-05-05,,True,https://www.birmingham.gov.uk/directory_record/370705/bartley_green_ward_results
c9c670010b00e4fb,Preston Paul Simon,Labour and Co-operative Party,2022-05-05,,True,https://www.birmingham.gov.uk/directory_record/370705/bartley_green_ward_results
faecfffee3e40262,Robertson James,Green Party,2022-05-05,,True,https://www.birmingham.gov.uk/directory_record/370705/bartley_green_ward_results
0395e3dc7c458a14,Bishop Ian,Reform UK,2022-05-05,,True,https://www.birmingham.gov.uk/directory_record/370709/billesley_ward_results
a3bb997e3748dc6f,Davis Phil,Labour Party,2022-05-05,,True,https://www.birmingham.gov.uk/directory_record/370709/billesley_ward_results
9d560965b100b121,Iroh Katherine,Labour Party,2022-05-05,,True,https://www.birmingham.gov.uk/directory_record/370709/billesley_ward_results
6d66e2b6da0f41d0,Maguire Clare,Liberal Democrats,2022-05-05,,True,https://www.birmingham.gov.uk/directory_record/370709/billesley_ward_results
28e5ee117cdb8ea4,McLernan Michael James Alexander,Local Conservatives,2022-05-05,,True,https://www.birmingham.gov.uk/directory_record/370709/billesley_ward_results
a26d79ed845348ee,Neal Ian,Liberal Democrats,2022-05-05,,True,https://www.birmingham.gov.uk/directory_record/370709/billesley_ward_results
f2a313d6dfd6fbac,Peacock Hilary Clare,Green Party,2022-05-05,,True,https://www.birmingham.gov.uk/directory_record/370709/billesley_ward_results
acb5616ba6ea3ebb,Peacock Joseph Michael,Green Party,2022-05-05,,True,https://www.birmingham.gov.uk/directory_record/370709/billesley_ward_results
db1c93ece4f3aaac,Qazi Nayaz,Local Conservatives,2022-05-05,,True,https://www.birmingham.gov.uk/directory_record/370709/billesley_ward_results
d05ba9eb5e4ac96f,Anton Christopher Stephen,Liberal Democrats,2022-05-05,,True,https://www.birmingham.gov.uk/directory_record/370710/birchfield_ward_results
2349366b0fcb7116,Chanda Alak,Local Conservatives,2022-05-05,,True,https://www.birmingham.gov.uk/directory_record/370710/birchfield_ward_results
8ea6dfca9efc824f,Hussain Mahmood,Labour Party,2022-05-05,,True,https://www.birmingham.gov.uk/directory_record/370710/birchfield_ward_results
c7107b225d7f3a21,Guest Martin John,Green Party,2022-05-05,,True,https://www.birmingham.gov.uk/directory_record/370716/bordesley_and_highgate_ward_results
32606fe94344d82b,Mosquito Yvonne Maria,Labour Party,2022-05-05,,True,https://www.birmingham.gov.uk/directory_record/370716/bordesley_and_highgate_ward_results
7efc042f17bd1e4d,Talukder Zia,Local Conservatives,2022-05-05,,True,https://www.birmingham.gov.uk/directory_record/370716/bordesley_and_highgate_ward_results
20a6ebb99c9b876b,Woollard Ed,Workers Party - Birmingham,2022-05-05,,True,https://www.birmingham.gov.uk/directory_record/370716/bordesley_and_highgate_ward_results
015cc7603838c32b,Aziz Raqeeb,Labour Party,2022-05-05,,True,https://www.birmingham.gov.uk/directory_record/370717/bordesley_green_ward_results
9b95f0cf538e8ee6,Burkey Wajad,Local Conservatives,2022-05-05,,True,https://www.birmingham.gov.uk/directory_record/370717/bordesley_green_ward_results
77c118a35d5f5b98,Moynihan Gerry,Liberal Democrats,2022-05-05,,True,https://www.birmingham.gov.uk/directory_record/370717/bordesley_green_ward_results
05fd175a3d752828,Curtis Robert Turner,Liberal Democrats,2022-05-05,,True,https://www.birmingham.gov.uk/directory_record/370722/bournbrook_and_selly_park_ward_results
ce0d15f4a19365af,Gilbert Patrick Wiliam,Liberal Democrats,2022-05-05,,True,https://www.birmingham.gov.uk/directory_record/370722/bournbrook_and_selly_park_ward_results
910cf69c4ff82b2a,Green Tom,Trade Unionist and Socialist Coalition,2022-05-05,,True,https://www.birmingham.gov.uk/directory_record/370722/bournbrook_and_selly_park_ward_results
5b4982d865bbba2e,Jones Brigid,Labour and Co-operative Party,2022-05-05,,True,https://www.birmingham.gov.uk/directory_record/370722/bournbrook_and_selly_park_ward_results
1529c5e37b14c979,McCarthy Karen Teresa,Labour and Co-operative Party,2022-05-05,,True,https://www.birmingham.gov.uk/directory_record/370722/bournbrook_and_selly_park_ward_results
a61ed939a9ba4814,Nela Musa,Local Conservatives,2022-05-05,,True,https://www.birmingham.gov.uk/directory_record/370722/bournbrook_and_selly_park_ward_results
fc305d2a10b0647e,Nelson Jane Elizabeth,Green Party,2022-05-05,,True,https://www.birmingham.gov.uk/directory_record/370722/bournbrook_and_selly_park_ward_results
82213ed78b566fbe,Neville Mathew John,Green Party,2022-05-05,,True,https://www.birmingham.gov.uk/directory_record/370722/bournbrook_and_selly_park_ward_results
01f3cf96b5dc7e47,Rashid Tariq,Local Conservatives,2022-05-05,,True,https://www.birmingham.gov.uk/directory_record/370722/bournbrook_and_selly_park_ward_results
5ccfbe8e025e9069,Clements Liz,Labour Party,2022-05-05,,True,https://www.birmingham.gov.uk/directory_record/370715/bournville_and_cotteridge_ward_results
554f31c315414240,Dawkins Nigel,Local Conservatives,2022-05-05,,True,https://www.birmingham.gov.uk/directory_record/370715/bournville_and_cotteridge_ward_results
5e9bf5f2abed94a1,Dixon Jack,Local Conservatives,2022-05-05,,True,https://www.birmingham.gov.uk/directory_record/370715/bournville_and_cotteridge_ward_results
d7b678b344afd3f3,Grindrod Fred,Labour Party,2022-05-05,,True,https://www.birmingham.gov.uk/directory_record/370715/bournville_and_cotteridge_ward_results
6afb52c221d84fa8,Hentsch Phillippa Mary Elizabeth,Liberal Democrats,2022-05-05,,True,https://www.birmingham.gov.uk/directory_record/370715/bournville_and_cotteridge_ward_results
3e55fd5b68214173,Mabbett Ben,Green Party,2022-05-05,,True,https://www.birmingham.gov.uk/directory_record/370715/bournville_and_cotteridge_ward_results
f9821224d61ed716,Masters Rob,Green Party,2022-05-05,,True,https://www.birmingham.gov.uk/directory_record/370715/bournville_and_cotteridge_ward_results
2e15cfccfe630c8a,Radciffe David Stephen,Liberal Democrats,2022-05-05,,True,https://www.birmingham.gov.uk/directory_record/370715/bournville_and_cotteridge_ward_results
7145a9c4bb19fd27,Barker David Seán,Labour and Co-operative Party,2022-05-05,,True,https://www.birmingham.gov.uk/directory_record/370714/brandwood_and_kings_heath_ward_results
7c3d8cbe6c29f2c5,Bevin Phil,Workers Party - Birmingham,2022-05-05,,True,https://www.birmingham.gov.uk/directory_record/370714/brandwood_and_kings_heath_ward_results
4b06b1a5035298c9,Cox Patrick Hugo Anthony,Green Party,2022-05-05,,True,https://www.birmingham.gov.uk/directory_record/370714/brandwood_and_kings_heath_ward_results
137079c5cd545335,Hudson Mark,Independent,2022-05-05,,True,https://www.birmingham.gov.uk/directory_record/370714/brandwood_and_kings_heath_ward_results
290b179ad340376a,Hussain Asia,Local Conservatives,2022-05-05,,True,https://www.birmingham.gov.uk/directory_record/370714/brandwood_and_kings_heath_ward_results
ca812292b4bbd90a,Mullaney Martin James Paul,Liberal Democrats,2022-05-05,,True,https://www.birmingham.gov.uk/directory_record/370714/brandwood_and_kings_heath_ward_results
0c57a422def54791,Stanley Chris,Liberal Democrats,2022-05-05,,True,https://www.birmingham.gov.uk/directory_record/370714/brandwood_and_kings_heath_ward_results
793d64131ae252d4,Trickett Lisa Stephanie,Labour and Co-operative Party,2022-05-05,,True,https://www.birmingham.gov.uk/directory_record/370714/brandwood_and_kings_heath_ward_results
2ae93e1683e7714e,Voigt Astrid Gisela Margarete,Green Party,2022-05-05,,True,https://www.birmingham.gov.uk/directory_record/370714/brandwood_and_kings_heath_ward_results
301a958e109e4ea0,Whitby Harvey Stuart,Local Conservatives,2022-05-05,,True,https://www.birmingham.gov.uk/directory_record/370714/brandwood_and_kings_heath_ward_results
116a59d1015dadec,Wilson Lauren Elisse,Workers Party - Birmingham,2022-05-05,,True,https://www.birmingham.gov.uk/directory_record/370714/brandwood_and_kings_heath_ward_results
2b29c8e1a775b566,Donaldson Diane,Labour Party,2022-05-05,,True,https://www.birmingham.gov.uk/directory_record/370706/bromford_and_hodge_hill_ward_results
7131481606beaa8f,Higgs James,Local Conservatives,2022-05-05,,True,https://www.birmingham.gov.uk/directory_record/370706/bromford_and_hodge_hill_ward_results
f6adafe1fe88573a,Khan Javed,Liberal Democrats,2022-05-05,,True,https://www.birmingham.gov.uk/directory_record/370706/bromford_and_hodge_hill_ward_results
92fae1d2a89552ec,Mahmood Majid,Labour Party,2022-05-05,,True,https://www.birmingham.gov.uk/directory_record/370706/bromford_and_hodge_hill_ward_results
4f779ae25a851a4f,Mehmood Asad,Liberal Democrats,2022-05-05,,True,https://www.birmingham.gov.uk/directory_record/370706/bromford_and_hodge_hill_ward_results
b9ea7ecf248cc10b,Phillpotts Jack Andrew,Green Party,2022-05-05,,True,https://www.birmingham.gov.uk/directory_record/370706/bromford_and_hodge_hill_ward_results
dd7d816beb17c1f3,Zychon James John Francis,Local Conservatives,2022-05-05,,True,https://www.birmingham.gov.uk/directory_record/370706/bromford_and_hodge_hill_ward_results
3e3d51903137490d,Goodwin Ray,Labour Party,2022-05-05,,True,https://www.birmingham.gov.uk/directory_record/370732/castle_vale_ward_results
0df847a20af7a2cc,Macefield John Dell,Green Party,2022-05-05,,True,https://www.birmingham.gov.uk/directory_record/370732/castle_vale_ward_results
3221331c8bcdb259,Romain Tyrese Raymond Kingsley,Local Conservatives,2022-05-05,,True,https://www.birmingham.gov.uk/directory_record/370732/castle_vale_ward_results
d629c9c289717bfa,Sucilla-O'Sullivan Kris,Trade Unionist and Socialist Coalition,2022-05-05,,True,https://www.birmingham.gov.uk/directory_record/370732/castle_vale_ward_results
bdb7a4aabb723f5f,Bertram Christopher John,Liberal Democrats,2022-05-05,,True,https://www.birmingham.gov.uk/directory_record/370733/druids_heath_and_monyhull_ward_results
cb7bfdc5f5b300a7,Fuller Andrew Michael,Local Conservatives,2022-05-05,,True,https://www.birmingham.gov.uk/directory_record/370733/druids_heath_and_monyhull_ward_results
615b87ff4fffa214,Leddy Mike,Labour Party,2022-05-05,,True,https://www.birmingham.gov.uk/directory_record/370733/druids_heath_and_monyhull_ward_results
456971b9721367c6,Pritchard Julien,Green Party,2022-05-05,,True,https://www.birmingham.gov.uk/directory_record/370733/druids_heath_and_monyhull_ward_results
64d75f0a77fba5fd,Alden Deirdre Caroline,Local Conservatives,2022-05-05,,True,https://www.birmingham.gov.uk/directory_record/370734/edgbaston_ward_results
9a8ead56ffbed65f,Awasthi Ashish,Green Party,2022-05-05,,True,https://www.birmingham.gov.uk/directory_record/370734/edgbaston_ward_results
26c13da1aba8cd8d,Bennett Matt,Local Conservatives,2022-05-05,,True,https://www.birmingham.gov.uk/directory_record/370734/edgbaston_ward_results
5b1c49a38c0a019a,Bryant James Liam,Liberal Democrats,2022-05-05,,True,https://www.birmingham.gov.uk/directory_record/370734/edgbaston_ward_results
f1de3bd8920bf86f,Hill Marie Joann,Labour Party,2022-05-05,,True,https://www.birmingham.gov.uk/directory_record/370734/edgbaston_ward_results
657d1f5da5bd7408,Kaur Bal Baljit,Labour Party,2022-05-05,,True,https://www.birmingham.gov.uk/directory_record/370734/edgbaston_ward_results
9667ba5d5c379dec,Scott Jamie Christian,Liberal Democrats,2022-05-05,,True,https://www.birmingham.gov.uk/directory_record/370734/edgbaston_ward_results
a433c9cd7bd1499a,Alden Robert James Cambray,Local Conservatives,2022-05-05,,True,https://www.birmingham.gov.uk/directory_record/370735/erdington_ward_results
be39c1df3019496e,Amin Mohammed,Liberal Democrats,2022-05-05,,True,https://www.birmingham.gov.uk/directory_record/370735/erdington_ward_results
f70b1253cfb7592a,Bi Suryiah,Labour Party,2022-05-05,,True,https://www.birmingham.gov.uk/directory_record/370735/erdington_ward_results
65a962b554fdad8e,Clawley Hazel Marjorie,Green Party,2022-05-05,,True,https://www.birmingham.gov.uk/directory_record/370735/erdington_ward_results
47e139434522b339,Dad Basharat,Labour Party,2022-05-05,,True,https://www.birmingham.gov.uk/directory_record/370735/erdington_ward_results
08ba11fe6c00200d,Ferguson Andrew McKenzie,Green Party,2022-05-05,,True,https://www.birmingham.gov.uk/directory_record/370735/erdington_ward_results
474ef6c750796e38,Green James Richard,Liberal Democrats,2022-05-05,,True,https://www.birmingham.gov.uk/directory_record/370735/erdington_ward_results
ed4040e5a082f793,Moore Gareth Raymond,Local Conservatives,2022-05-05,,True,https://www.birmingham.gov.uk/directory_record/370735/erdington_ward_results
53f28aaabd3dfba2,Ward Corinthia Joy,Trade Unionist and Socialist Coalition Party,2022-05-05,,True,https://www.birmingham.gov.uk/directory_record/370735/erdington_ward_results
8dd86ab2bbdb8264,Beck Peter Charles,Green Party,2022-05-05,,True,https://www.birmingham.gov.uk/directory_record/370736/frankley_great_park_ward_results
ae67afbccc8d7f45,Haynes Steve,Labour and Co-operative Party,2022-05-05,,True,https://www.birmingham.gov.uk/directory_record/370736/frankley_great_park_ward_results
86edacd24d6d6c65,Lloyd Peter James,Liberal Democrats,2022-05-05,,True,https://www.birmingham.gov.uk/directory_record/370736/frankley_great_park_ward_results
4967e34525db4519,Morrall Simon,Local Conservatives,2022-05-05,,True,https://www.birmingham.gov.uk/directory_record/370736/frankley_great_park_ward_results
90e6deb46a9e105a,Hall Daphne Claire,Local Conservatives,2022-05-05,,True,https://www.birmingham.gov.uk/directory_record/370737/garretts_green_ward_results
fb6773f206b1ac2a,Khan Shaukat Ali,Liberal Democrats,2022-05-05,,True,https://www.birmingham.gov.uk/directory_record/370737/garretts_green_ward_results
c5404e952be2ada4,Miah Saddak,Labour Party,2022-05-05,,True,https://www.birmingham.gov.uk/directory_record/370737/garretts_green_ward_results
1b3ae42120d23a1f,Bridle Marje,Labour Party,2022-05-05,,True,https://www.birmingham.gov.uk/directory_record/370738/glebe_farm_and_tile_cross_ward_results
e3bd0f615ad2355a,Cotton John Leslie Barton,Labour Party,2022-05-05,,True,https://www.birmingham.gov.uk/directory_record/370738/glebe_farm_and_tile_cross_ward_results
ea49d62576a07d71,Fox Matthew,Local Conservatives,2022-05-05,,True,https://www.birmingham.gov.uk/directory_record/370738/glebe_farm_and_tile_cross_ward_results
b19e1939b5816b21,Hussain Iftekhar,Liberal Democrats,2022-05-05,,True,https://www.birmingham.gov.uk/directory_record/370738/glebe_farm_and_tile_cross_ward_results
735779825d0aa6c6,Mahmood Faisal,Local Conservatives,2022-05-05,,True,https://www.birmingham.gov.uk/directory_record/370738/glebe_farm_and_tile_cross_ward_results
a9c29330c28939c4,Norman Elizabeth Anne,Liberal Democrats,2022-05-05,,True,https://www.birmingham.gov.uk/directory_record/370738/glebe_farm_and_tile_cross_ward_results
02ba34a50d6b2c27,Brown Mick,Labour and Co-operative Party,2022-05-05,,True,https://www.birmingham.gov.uk/directory_record/370739/gravelly_hill_ward_results
7b864505b8d4a32b,Harper-Nunes Siobhan Bridget,Green Party,2022-05-05,,True,https://www.birmingham.gov.uk/directory_record/370739/gravelly_hill_ward_results
8354048d044af9eb,Lusk David,Liberal Democrats,2022-05-05,,True,https://www.birmingham.gov.uk/directory_record/370739/gravelly_hill_ward_results
329d315a5925e7d9,Mehmood Asif,Local Conservatives,2022-05-05,,True,https://www.birmingham.gov.uk/directory_record/370739/gravelly_hill_ward_results
31ff2893009fe0b6,Patrick Thomas,Trade Unionist and Socialist Coalition,2022-05-05,,True,https://www.birmingham.gov.uk/directory_record/370739/gravelly_hill_ward_results
3af69aac1d1b5319,Ahmed Akhlaq,Labour Party,2022-05-05,,True,https://www.birmingham.gov.uk/directory_record/370744/hall_green_north_ward_results
dfa8a029824c41be,Choudhry Tanveer,Local Conservatives,2022-05-05,,True,https://www.birmingham.gov.uk/directory_record/370744/hall_green_north_ward_results
602fba8b88861b34,Courage Gareth William,Green Party,2022-05-05,,True,https://www.birmingham.gov.uk/directory_record/370744/hall_green_north_ward_results
2d0f72101dc52923,Hemming Alexender John Arthur,Liberal Democrats,2022-05-05,,True,https://www.birmingham.gov.uk/directory_record/370744/hall_green_north_ward_results
73fe70d0f0553a51,Iqbal Malik,Local Conservatives,2022-05-05,,True,https://www.birmingham.gov.uk/directory_record/370744/hall_green_north_ward_results
8d9b1dacaea69ca5,Spruce Andy,Liberal Democrats,2022-05-05,,True,https://www.birmingham.gov.uk/directory_record/370744/hall_green_north_ward_results
c2e6c0c2944010f7,Suleman Saima,Labour Party,2022-05-05,,True,https://www.birmingham.gov.uk/directory_record/370744/hall_green_north_ward_results
502fce981df260b8,Ahmed Shafaq,Labour Party,2022-05-05,,True,https://www.birmingham.gov.uk/directory_record/370745/hall_green_south_ward_results
f1b0f32c15bdf46b,Huxtable Timothy Luke,Local Conservatives,2022-05-05,,True,https://www.birmingham.gov.uk/directory_record/370745/hall_green_south_ward_results
e63a8b0fc6e7b9ed,Lickiss David Alan Nigel,Liberal Democrats,2022-05-05,,True,https://www.birmingham.gov.uk/directory_record/370745/hall_green_south_ward_results
8077ec088f88d10f,Parker David James,Green Party,2022-05-05,,True,https://www.birmingham.gov.uk/directory_record/370745/hall_green_south_ward_results
1b27229390c81297,Freshwater Ed,Green Party,2022-05-05,,True,https://www.birmingham.gov.uk/directory_record/370740/handsworth_ward_results
f65f21191415c915,Okae Fosu George Michael,Liberal Democrats,2022-05-05,,True,https://www.birmingham.gov.uk/directory_record/370740/handsworth_ward_results
d5bf5ab3b922799b,Quinnen Hendrina,Labour Party,2022-05-05,,True,https://www.birmingham.gov.uk/directory_record/370740/handsworth_ward_results
cdcc953ea70c098e,Surti Devia,Local Conservatives,2022-05-05,,True,https://www.birmingham.gov.uk/directory_record/370740/handsworth_ward_results
7a21854756e71e6c,Atwal Gurdial Singh,Labour Party,2022-05-05,,True,https://www.birmingham.gov.uk/directory_record/370742/handsworth_wood_ward_results
f9d853d76f8b9b77,Burgess Christopher James Foster,Liberal Democrats,2022-05-05,,True,https://www.birmingham.gov.uk/directory_record/370742/handsworth_wood_ward_results
fef6af886e99a74c,Chumber Ravinder Singh,Local Conservatives,2022-05-05,,True,https://www.birmingham.gov.uk/directory_record/370742/handsworth_wood_ward_results
3d5e017c2d6fc411,Cox Emily Rohaise,Liberal Democrats,2022-05-05,,True,https://www.birmingham.gov.uk/directory_record/370742/handsworth_wood_ward_results
715a4bef3c71b728,Kooner Narinder Kaur,Labour Party,2022-05-05,,True,https://www.birmingham.gov.uk/directory_record/370742/handsworth_wood_ward_results
cb09f9b7ad504681,Uddin Sham,Local Conservatives,2022-05-05,,True,https://www.birmingham.gov.uk/directory_record/370742/handsworth_wood_ward_results
451e5880883e9410,Brooks Martin John,Labour and Co-operative Party,2022-05-05,,True,https://www.birmingham.gov.uk/directory_record/370741/harborne_ward_results
d194591979c1fe32,Crisp Alistair,Green Party,2022-05-05,,True,https://www.birmingham.gov.uk/directory_record/370741/harborne_ward_results
3ca1cb17d62442b4,Fowler Peter,Local Conservatives,2022-05-05,,True,https://www.birmingham.gov.uk/directory_record/370741/harborne_ward_results
5ac91d822b1e1d1b,Francis Jayne,Labour and Co-operative Party,2022-05-05,,True,https://www.birmingham.gov.uk/directory_record/370741/harborne_ward_results
1fbaea467a885c41,Garrett Ian Anthony George,Liberal Democrats,2022-05-05,,True,https://www.birmingham.gov.uk/directory_record/370741/harborne_ward_results
3ba220d750afdd5c,Harmer Joseph Benjamin,Liberal Democrats,2022-05-05,,True,https://www.birmingham.gov.uk/directory_record/370741/harborne_ward_results
142f29b9162f3231,O'Hara Harriet Rose,Local Conservatives,2022-05-05,,True,https://www.birmingham.gov.uk/directory_record/370741/harborne_ward_results
6d65c29d14a1b5c4,Azam Adil,Local Conservatives,2022-05-05,,True,https://www.birmingham.gov.uk/directory_record/370743/heartlands_ward_results
5a3dd95f2610647e,Ellinor Clair Elieen,Liberal Democrats,2022-05-05,,True,https://www.birmingham.gov.uk/directory_record/370743/heartlands_ward_results
9dfbf88e3363b107,Shah Shafique,Labour Party,2022-05-05,,True,https://www.birmingham.gov.uk/directory_record/370743/heartlands_ward_results
3211dd877d09b759,Higgs Adam Andrew,Local Conservatives,2022-05-05,,True,https://www.birmingham.gov.uk/directory_record/370746/highters_heath_ward_results
b789f39effec50d8,Thomas Clare Louise,Green Party,2022-05-05,,True,https://www.birmingham.gov.uk/directory_record/370746/highters_heath_ward_results
daaf3ade9307cd8a,Waltho Lynda Ellen,Labour and Co-operative Party,2022-05-05,,True,https://www.birmingham.gov.uk/directory_record/370746/highters_heath_ward_results
f4915666da033e1f,Douglas Kingsley Seymour,Liberal Democrats,2022-05-05,,True,https://www.birmingham.gov.uk/directory_record/370747/holyhead_ward_results
3b80f61e9cc163a2,Hardie Andrew,Local Conservatives,2022-05-05,,True,https://www.birmingham.gov.uk/directory_record/370747/holyhead_ward_results
b8d5ef9d3a2f9948,Shergill Rinkal,Labour Party,2022-05-05,,True,https://www.birmingham.gov.uk/directory_record/370747/holyhead_ward_results
d146330e7cfeb72b,Trench Karen Geraldine,Independent,2022-05-05,,True,https://www.birmingham.gov.uk/directory_record/370747/holyhead_ward_results
56b88dbbe6964d31,Aitken Alex,Labour and Co-operative Party,2022-05-05,,True,https://www.birmingham.gov.uk/directory_record/370754/kings_norton_north_ward_results
79c5ff09767ddf12,Blissett Marsha,Liberal Democrats,2022-05-05,,True,https://www.birmingham.gov.uk/directory_record/370754/kings_norton_north_ward_results
57ee8ec1c02c1c71,Sorboen Kari Benedikte,Green Party,2022-05-05,,True,https://www.birmingham.gov.uk/directory_record/370754/kings_norton_north_ward_results
70bf16c7f4e67dc5,Wood Barbara Iris,The Conservative Party Candidate,2022-05-05,,True,https://www.birmingham.gov.uk/directory_record/370754/kings_norton_north_ward_results
4a31efd62d5f0ae9,Clancy Robert Joseph,The Conservative Party Candidate,2022-05-05,,True,https://www.birmingham.gov.uk/directory_record/370755/kings_norton_south_ward_results
b5b757d97b54cc46,Grant Rob,Green Party,2022-05-05,,True,https://www.birmingham.gov.uk/directory_record/370755/kings_norton_south_ward_results
bf54ea502396f0c6,Kumar Sonia,Labour and Co-operative Party,2022-05-05,,True,https://www.birmingham.gov.uk/directory_record/370755/kings_norton_south_ward_results
a18ede8f0de343bf,Ambler Doctor Simon John,Liberal Democrats,2022-05-05,,True,https://www.birmingham.gov.uk/directory_record/370749/kingstanding_ward_results
4c04798b57b3926b,Brittain Ben,Local Conservatives,2022-05-05,,True,https://www.birmingham.gov.uk/directory_record/370749/kingstanding_ward_results
4de8700b330d315e,Foster Joe,Trade Unionist and Socialist Coalition,2022-05-05,,True,https://www.birmingham.gov.uk/directory_record/370749/kingstanding_ward_results
d634dddecfc54440,Hughes Des,Labour Party,2022-05-05,,True,https://www.birmingham.gov.uk/directory_record/370749/kingstanding_ward_results
449a895d8f759932,Khan Adam,We Matter Party,2022-05-05,,True,https://www.birmingham.gov.uk/directory_record/370749/kingstanding_ward_results
c8c75ee4775480fd,Painter Richard Hugh,Green Party,2022-05-05,,True,https://www.birmingham.gov.uk/directory_record/370749/kingstanding_ward_results
7c9bca107adac696,Payne Rick,Local Conservatives,2022-05-05,,True,https://www.birmingham.gov.uk/directory_record/370749/kingstanding_ward_results
f91bcbd758e0c310,Rasheed Naz,Labour Party,2022-05-05,,True,https://www.birmingham.gov.uk/directory_record/370749/kingstanding_ward_results
79919f3f1c773e9c,Taylor Patricia Susan,Green Party,2022-05-05,,True,https://www.birmingham.gov.uk/directory_record/370749/kingstanding_ward_results
d860c9c8aca9f0c2,Axford Kenneth,Local Conservatives,2022-05-05,,True,https://www.birmingham.gov.uk/directory_record/370756/ladywood_ward_results
3209833fcef538ee,Bore Albert,Labour Party,2022-05-05,,True,https://www.birmingham.gov.uk/directory_record/370756/ladywood_ward_results
26c00f00a58d37c3,Dargue Lee James,Liberal Democrats,2022-05-05,,True,https://www.birmingham.gov.uk/directory_record/370756/ladywood_ward_results
0446202d1d70e0b8,Gaussen David,Green Party,2022-05-05,,True,https://www.birmingham.gov.uk/directory_record/370756/ladywood_ward_results
caabb0b4d1e819e1,Hartley Kath,Labour Party,2022-05-05,,True,https://www.birmingham.gov.uk/directory_record/370756/ladywood_ward_results
4bfc0b1083362846,Hordern Guy,Local Conservatives,2022-05-05,,True,https://www.birmingham.gov.uk/directory_record/370756/ladywood_ward_results
1d82c63e9177040e,Jeyanayagam Piriyasha,Trade Unionist and Socialist Coalition,2022-05-05,,True,https://www.birmingham.gov.uk/directory_record/370756/ladywood_ward_results
ef5ac6ef4ff94f6e,Wilson John,Liberal Democrats,2022-05-05,,True,https://www.birmingham.gov.uk/directory_record/370756/ladywood_ward_results
54c8685bfbfd6ef6,Abdi Muhamed,Labour Party,2022-05-05,,True,https://www.birmingham.gov.uk/directory_record/370758/longbridge_and_west_heath_ward_results
5b1117729220b432,Clancy Debbie,Conservative Party Candidate,2022-05-05,,True,https://www.birmingham.gov.uk/directory_record/370758/longbridge_and_west_heath_ward_results
869050f7286e27d0,Kalik Sanja,Labour Party,2022-05-05,,True,https://www.birmingham.gov.uk/directory_record/370758/longbridge_and_west_heath_ward_results
645f5dd8b9bdd470,McKears Sylvia Jane,Green Party,2022-05-05,,True,https://www.birmingham.gov.uk/directory_record/370758/longbridge_and_west_heath_ward_results
7eeb10c65b258547,Mendez Violaine,Liberal Democrats,2022-05-05,,True,https://www.birmingham.gov.uk/directory_record/370758/longbridge_and_west_heath_ward_results
b8b66447f6484d25,Stanton Elly,Green Party,2022-05-05,,True,https://www.birmingham.gov.uk/directory_record/370758/longbridge_and_west_heath_ward_results
ac8beff4bcf3fddf,Storer Ron,Conservative Party Candidate,2022-05-05,,True,https://www.birmingham.gov.uk/directory_record/370758/longbridge_and_west_heath_ward_results
b08c3e63f4111d66,Sturt-Joy Michael,Liberal Democrats,2022-05-05,,True,https://www.birmingham.gov.uk/directory_record/370758/longbridge_and_west_heath_ward_results
dc1c72b6b5fdaedd,Walder Clive Richard,Trade Unionist and Socialist Coalition,2022-05-05,,True,https://www.birmingham.gov.uk/directory_record/370758/longbridge_and_west_heath_ward_results
b24dcd3aaa9c239a,Dennis Kefentse,Green Party,2022-05-05,,True,https://www.birmingham.gov.uk/directory_record/370757/lozells_ward_results
e6b0b312845fa894,Faisal Mohammed,Local Conservatives,2022-05-05,,True,https://www.birmingham.gov.uk/directory_record/370757/lozells_ward_results
9b7421fe4b71908d,Zaffar Waseem,Labour and Co-operative Party,2022-05-05,,True,https://www.birmingham.gov.uk/directory_record/370757/lozells_ward_results
7acab9ae086f7ac4,Jenkins Kerry Shaunna,Labour Party,2022-05-05,,True,https://www.birmingham.gov.uk/directory_record/370759/moseley_ward_results
6de49c9e66a79709,Khan Abid,Local Conservatives,2022-05-05,,True,https://www.birmingham.gov.uk/directory_record/370759/moseley_ward_results
5a7cf39506985a43,Khan Iqrah,Local Conservatives,2022-05-05,,True,https://www.birmingham.gov.uk/directory_record/370759/moseley_ward_results
2c6a4d331d21cde6,Knowles Izzy,Liberal Democrats,2022-05-05,,True,https://www.birmingham.gov.uk/directory_record/370759/moseley_ward_results
cd84420c78b41223,Porteous Edward,Green Party,2022-05-05,,True,https://www.birmingham.gov.uk/directory_record/370759/moseley_ward_results
c2bedd3dc3903650,Russell Radley,Liberal Democrats,2022-05-05,,True,https://www.birmingham.gov.uk/directory_record/370759/moseley_ward_results
d15d7f56cb7d8790,Straker Welds Martin Gladstone,Labour Party,2022-05-05,,True,https://www.birmingham.gov.uk/directory_record/370759/moseley_ward_results
42e5b9c6e85ea112,Babington Jamie,Local Conservatives,2022-05-05,,True,https://www.birmingham.gov.uk/directory_record/370760/nechells_ward_results
60cdc2b177af4307,Marsham Lee,Labour Party,2022-05-05,,True,https://www.birmingham.gov.uk/directory_record/370760/nechells_ward_results
a44487634cb543b0,Islam Zia,Labour Party,2022-05-05,,True,https://www.birmingham.gov.uk/directory_record/370762/newtown_ward_results
c1acd5ad2a33c87e,Jaddoo Desmond Gustavus,We Matter Party,2022-05-05,,True,https://www.birmingham.gov.uk/directory_record/370762/newtown_ward_results
68819fa096dded2f,Khalique Abdul,Local Conservatives,2022-05-05,,True,https://www.birmingham.gov.uk/directory_record/370762/newtown_ward_results
9db6d6f412fc12ec,Ruumi Cabdulqaadir,Liberal Democrats,2022-05-05,,True,https://www.birmingham.gov.uk/directory_record/370762/newtown_ward_results
00a4246ee4578abf,Bernasconi Marcus George,Labour Party,2022-05-05,,True,https://www.birmingham.gov.uk/directory_record/370761/north_edgbaston_ward_results
778d1e40e4c47d80,Burford Timon James,Liberal Democrats,2022-05-05,,True,https://www.birmingham.gov.uk/directory_record/370761/north_edgbaston_ward_results
5d2a8d6973d6d38f,Chaudary Kamran,Local Conservatives,2022-05-05,,True,https://www.birmingham.gov.uk/directory_record/370761/north_edgbaston_ward_results
133b27f15d9c8ae6,Downs William,Trade Unionist and Socialist Coalition,2022-05-05,,True,https://www.birmingham.gov.uk/directory_record/370761/north_edgbaston_ward_results
721b79918b7ab224,Thompson Sharon Anne-Marie,Labour Party,2022-05-05,,True,https://www.birmingham.gov.uk/directory_record/370761/north_edgbaston_ward_results
11264c77e8caae24,Ward Michael,Liberal Democrats,2022-05-05,,True,https://www.birmingham.gov.uk/directory_record/370761/north_edgbaston_ward_results
e9ea690f245d7f73,Zaman Wasim,Local Conservatives,2022-05-05,,True,https://www.birmingham.gov.uk/directory_record/370761/north_edgbaston_ward_results
86db3a9d7f4f5fcb,Kurt-Elli Kirsten,Labour Party,2022-05-05,,True,https://www.birmingham.gov.uk/directory_record/370763/northfield_ward_results
14a1846689b6ef51,Moles Andy,Liberal Democrats,2022-05-05,,True,https://www.birmingham.gov.uk/directory_record/370763/northfield_ward_results
1069b8f2cab3590c,Rowe Keith Alexander,The Conservative Party Candidate,2022-05-05,,True,https://www.birmingham.gov.uk/directory_record/370763/northfield_ward_results
5ff8a18e905456ed,Wilson Trevor Tudor,Green Party,2022-05-05,,True,https://www.birmingham.gov.uk/directory_record/370763/northfield_ward_results
508ce27ea5921036,Bunting Josh,Liberal Democrats,2022-05-05,,True,https://www.birmingham.gov.uk/directory_record/370764/oscott_ward_results
8cd5825c678a136e,Dring Barbara,Labour Party,2022-05-05,,True,https://www.birmingham.gov.uk/directory_record/370764/oscott_ward_results
7155c42c6e06136f,Hall Alex,Conservative Party Candidate,2022-05-05,,True,https://www.birmingham.gov.uk/directory_record/370764/oscott_ward_results
f489865a9a4d3259,Majahid Haleem,Labour Party,2022-05-05,,True,https://www.birmingham.gov.uk/directory_record/370764/oscott_ward_results
54c86873e7079aff,Sandhu Darius,Conservative Party Candidate,2022-05-05,,True,https://www.birmingham.gov.uk/directory_record/370764/oscott_ward_results
346fafd7f0ac40d7,Warnaby Nora Mary Teresa,Liberal Democrats,2022-05-05,,True,https://www.birmingham.gov.uk/directory_record/370764/oscott_ward_results
3ebf90f132c06b6f,Ahmed Jahangir,Local Conservatives,2022-05-05,,True,https://www.birmingham.gov.uk/directory_record/370765/perry_barr_ward_results
ce32b3883ea0d45c,Hanif Mohammed,Labour and Co-operative Party,2022-05-05,,True,https://www.birmingham.gov.uk/directory_record/370765/perry_barr_ward_results
8b5abd993f6a5c41,Hunt Jon,Liberal Democrats,2022-05-05,,True,https://www.birmingham.gov.uk/directory_record/370765/perry_barr_ward_results
d14f7e9d1a886748,Jan Morriam,Liberal Democrats,2022-05-05,,True,https://www.birmingham.gov.uk/directory_record/370765/perry_barr_ward_results
85df681ec0831646,Jenkins William,Local Conservatives,2022-05-05,,True,https://www.birmingham.gov.uk/directory_record/370765/perry_barr_ward_results
87ba6e88c6de4770,Williams Fiona Jocelyn Mair,Labour and Co-operative Party,2022-05-05,,True,https://www.birmingham.gov.uk/directory_record/370765/perry_barr_ward_results
dcfb9fc0c76df312,Allsop Stephen Richard,Liberal Democrats,2022-05-05,,True,https://www.birmingham.gov.uk/directory_record/370766/perry_common_ward_results
bfc6c5767d88db99,Bermingham Jillian Joanne,Labour Party,2022-05-05,,True,https://www.birmingham.gov.uk/directory_record/370766/perry_common_ward_results
a1ee8acb2d4530a4,Boyle Stephanie,Green Party,2022-05-05,,True,https://www.birmingham.gov.uk/directory_record/370766/perry_common_ward_results
b52bdd2cd230792a,Friel Siobhan,Trade Unionist and Socialist Coalition,2022-05-05,,True,https://www.birmingham.gov.uk/directory_record/370766/perry_common_ward_results
48055f51109dd66d,Okello Rachel Judith,Local Conservatives,2022-05-05,,True,https://www.birmingham.gov.uk/directory_record/370766/perry_common_ward_results
1be40970c8bc1e59,Deamer Robert James David,Green Party,2022-05-05,,True,https://www.birmingham.gov.uk/directory_record/370767/pype_hayes_ward_results
fd89fd8441673bd0,Mahmood Basharat,Labour Party,2022-05-05,,True,https://www.birmingham.gov.uk/directory_record/370767/pype_hayes_ward_results
7e8fea23e71ac9fb,Murray Bill,Trade Unionist and Socialist Coalition,2022-05-05,,True,https://www.birmingham.gov.uk/directory_record/370767/pype_hayes_ward_results
1d3363c8e5976049,Watts Gerald,Liberal Democrats,2022-05-05,,True,https://www.birmingham.gov.uk/directory_record/370767/pype_hayes_ward_results
73a4e98c77df1b4e,Welch Clifton Frederick,Local Conservatives,2022-05-05,,True,https://www.birmingham.gov.uk/directory_record/370767/pype_hayes_ward_results
fb7fdb5c7e076032,Anderson Sue,Liberal Democrats,2022-05-05,,True,https://www.birmingham.gov.uk/directory_record/370768/quinton_ward_results
2fe53a36e0237e7d,Bolton James Liam Pennington,Green Party,2022-05-05,,True,https://www.birmingham.gov.uk/directory_record/370768/quinton_ward_results
84d0099cb34852ec,Forsyth Sam,Labour and Co-operative Party,2022-05-05,,True,https://www.birmingham.gov.uk/directory_record/370768/quinton_ward_results
86d71f55732cda3c,Garrett Stephanie Larissa,Liberal Democrats,2022-05-05,,True,https://www.birmingham.gov.uk/directory_record/370768/quinton_ward_results
925df295f80d556f,McCormack Connor Brendan,Local Conservatives,2022-05-05,,True,https://www.birmingham.gov.uk/directory_record/370768/quinton_ward_results
781261ccd5b29933,Rainbow Lauren,Labour and Co-operative Party,2022-05-05,,True,https://www.birmingham.gov.uk/directory_record/370768/quinton_ward_results
0290f9fa4536670d,Stanford Dominic James,Local Conservatives,2022-05-05,,True,https://www.birmingham.gov.uk/directory_record/370768/quinton_ward_results
bbfddfe514b0ad7e,Ball Robert Michael,Green Party,2022-05-05,,True,https://www.birmingham.gov.uk/directory_record/370769/rubery_and_rednal_ward_results
7f12dca6687eebdf,Delaney Adrian Joseph,The Conservative Party Candidate,2022-05-05,,True,https://www.birmingham.gov.uk/directory_record/370769/rubery_and_rednal_ward_results
857746157084fce6,Kennedy Tony,Labour and Co-operative Party,2022-05-05,,True,https://www.birmingham.gov.uk/directory_record/370769/rubery_and_rednal_ward_results
241b0ac6e4d81346,Lister Thomas Daniel,Liberal Democrats,2022-05-05,,True,https://www.birmingham.gov.uk/directory_record/370769/rubery_and_rednal_ward_results
ddc4916cbe29393d,Allsop Eve,Green Party,2022-05-05,,True,https://www.birmingham.gov.uk/directory_record/370772/shard_end_ward_results
49f8012e47097705,Barber Christopher Francis,Liberal Democrats,2022-05-05,,True,https://www.birmingham.gov.uk/directory_record/370772/shard_end_ward_results
4f91a378a9dad40f,Briggs Tony,Local Conservatives,2022-05-05,,True,https://www.birmingham.gov.uk/directory_record/370772/shard_end_ward_results
8bf3fb4fd4664365,Ward Ian Antony,Labour Party,2022-05-05,,True,https://www.birmingham.gov.uk/directory_record/370772/shard_end_ward_results
628a04b5ff7fc7ce,Abdi Isra,Labour Party,2022-05-05,,True,https://www.birmingham.gov.uk/directory_record/370773/sheldon_ward_results
44e183309726be95,Andrews Mark David,Trade Unionist and Socialist Coalition,2022-05-05,,True,https://www.birmingham.gov.uk/directory_record/370773/sheldon_ward_results
d08ebf5893ad03d9,Axford Susan,Local Conservatives,2022-05-05,,True,https://www.birmingham.gov.uk/directory_record/370773/sheldon_ward_results
24c0da7660b92850,Green Colin Francis,Liberal Democrats,2022-05-05,,True,https://www.birmingham.gov.uk/directory_record/370773/sheldon_ward_results
7582c9b250bd3209,Harrison Kevin,Green Party,2022-05-05,,True,https://www.birmingham.gov.uk/directory_record/370773/sheldon_ward_results
07df2e4a3310d29b,Jenkins Oliver,Local Conservatives,2022-05-05,,True,https://www.birmingham.gov.uk/directory_record/370773/sheldon_ward_results
5b0f4fb4cc640365,Piekarz Joseph,Labour Party,2022-05-05,,True,https://www.birmingham.gov.uk/directory_record/370773/sheldon_ward_results
fc0cdfad7370b1d4,Tilsley Paul Calvin,Liberal Democrats,2022-05-05,,True,https://www.birmingham.gov.uk/directory_record/370773/sheldon_ward_results
be3a7999c32ce250,Abu Nowshed,Local Conservatives,2022-05-05,,True,https://www.birmingham.gov.uk/directory_record/370728/small_heath_ward_results
3f1b71eedc552f06,Bano Shabina,Labour Party,2022-05-05,,True,https://www.birmingham.gov.uk/directory_record/370728/small_heath_ward_results
703e132ad9ea2923,Hussain Aftab,Local Conservatives,2022-05-05,,True,https://www.birmingham.gov.uk/directory_record/370728/small_heath_ward_results
82b70e94ca64d93a,Khan Saqib,Labour Party,2022-05-05,,True,https://www.birmingham.gov.uk/directory_record/370728/small_heath_ward_results
5f65f9742e75d088,Sadiq Naveed,Liberal Democrats,2022-05-05,,True,https://www.birmingham.gov.uk/directory_record/370728/small_heath_ward_results
596c3994bd8a3daf,Saeed Mohammed,Liberal Democrats,2022-05-05,,True,https://www.birmingham.gov.uk/directory_record/370728/small_heath_ward_results
719b4498c0b3b745,Christoffersen Mette,Green Party,2022-05-05,,True,https://www.birmingham.gov.uk/directory_record/370730/soho_and_jewellery_quarter_ward_results
f89b2513ece0c0a9,Coffey Janet,Local Conservatives,2022-05-05,,True,https://www.birmingham.gov.uk/directory_record/370730/soho_and_jewellery_quarter_ward_results
b46405a9c69a0ac9,Hardy Gareth Andrew,Liberal Democrats,2022-05-05,,True,https://www.birmingham.gov.uk/directory_record/370730/soho_and_jewellery_quarter_ward_results
c01b07f0d9216b5a,Hashmi Ali,Local Conservatives,2022-05-05,,True,https://www.birmingham.gov.uk/directory_record/370730/soho_and_jewellery_quarter_ward_results
af64bfe98d2c0161,Lal Chaman,Labour Party,2022-05-05,,True,https://www.birmingham.gov.uk/directory_record/370730/soho_and_jewellery_quarter_ward_results
bcfa50606918af5d,Perrott James,Liberal Democrats,2022-05-05,,True,https://www.birmingham.gov.uk/directory_record/370730/soho_and_jewellery_quarter_ward_results
f612c342ea0df0df,Spence Sybil Eurlena,Labour Party,2022-05-05,,True,https://www.birmingham.gov.uk/directory_record/370730/soho_and_jewellery_quarter_ward_results
d331b7dbbcd5b04e,Bashir Anser,Labour Party,2022-05-05,,True,https://www.birmingham.gov.uk/directory_record/370727/south_yardley_ward_results
64708fe777e3e8cf,Choudhry Zaker Ullah,Liberal Democrats,2022-05-05,,True,https://www.birmingham.gov.uk/directory_record/370727/south_yardley_ward_results
a33dc0c3b330d663,Garghan Christopher Paul,Green Party,2022-05-05,,True,https://www.birmingham.gov.uk/directory_record/370727/south_yardley_ward_results
0e522192c744910f,Mackey Julia,Local Conservatives,2022-05-05,,True,https://www.birmingham.gov.uk/directory_record/370727/south_yardley_ward_results
92ac21eaa2229dac,Severn Bob,Trade Unionist and Socialist Coalition,2022-05-05,,True,https://www.birmingham.gov.uk/directory_record/370727/south_yardley_ward_results
69742611131a7fec,Azim Mohammed,Labour Party,2022-05-05,,True,https://www.birmingham.gov.uk/directory_record/370770/sparkbrook_and_balsall_heath_east_ward_results
22e70baafd7966cb,Bari Abdul,Local Conservatives,2022-05-05,,True,https://www.birmingham.gov.uk/directory_record/370770/sparkbrook_and_balsall_heath_east_ward_results
692c96e6c7bc8888,Bishop Paul,Liberal Democrats,2022-05-05,,True,https://www.birmingham.gov.uk/directory_record/370770/sparkbrook_and_balsall_heath_east_ward_results
ca1b8f3dc745cc1f,Crickmay Maddison Sarah-Jane,Liberal Democrats,2022-05-05,,True,https://www.birmingham.gov.uk/directory_record/370770/sparkbrook_and_balsall_heath_east_ward_results
e1145a465b1c9215,Harrison Michael John,Green Party,2022-05-05,,True,https://www.birmingham.gov.uk/directory_record/370770/sparkbrook_and_balsall_heath_east_ward_results
c46d604910c74c44,Hussain Shabrana,Labour Party,2022-05-05,,True,https://www.birmingham.gov.uk/directory_record/370770/sparkbrook_and_balsall_heath_east_ward_results
78188d4680860877,Kabir Md Obaydul,Local Conservatives,2022-05-05,,True,https://www.birmingham.gov.uk/directory_record/370770/sparkbrook_and_balsall_heath_east_ward_results
6bc5c1e775fbc230,Al-Haq Aysan,Liberal Democrats,2022-05-05,,True,https://www.birmingham.gov.uk/directory_record/370726/sparkhill_ward_results
caf6688d1a64205d,Asad Aneela,Local Conservatives,2022-05-05,,True,https://www.birmingham.gov.uk/directory_record/370726/sparkhill_ward_results
55a910ed9dcc8403,Brennan Nicky,Labour Party,2022-05-05,,True,https://www.birmingham.gov.uk/directory_record/370726/sparkhill_ward_results
94dd6354475cb761,Mahmood Rashad,Labour Party,2022-05-05,,True,https://www.birmingham.gov.uk/directory_record/370726/sparkhill_ward_results
43051b6301b2a293,Rehman Habib,Local Conservatives,2022-05-05,,True,https://www.birmingham.gov.uk/directory_record/370726/sparkhill_ward_results
7e3869076246926a,Wilkinson Anthony,Liberal Democrats,2022-05-05,,True,https://www.birmingham.gov.uk/directory_record/370726/sparkhill_ward_results
e9e181088b126bdb,Banting Philip Andrew,Liberal Democrats,2022-05-05,,True,https://www.birmingham.gov.uk/directory_record/370721/stirchley_ward_results
d3c25c485411195c,Knight Graham,Local Conservatives,2022-05-05,,True,https://www.birmingham.gov.uk/directory_record/370721/stirchley_ward_results
4e0482a9fffbf329,Locke Mary Anne,Labour and Co-operative Party,2022-05-05,,True,https://www.birmingham.gov.uk/directory_record/370721/stirchley_ward_results
971403903bad075e,Masters Eleanor,Green Party,2022-05-05,,True,https://www.birmingham.gov.uk/directory_record/370721/stirchley_ward_results
af7f13b0dd9a6923,Assheton Janet,Green Party,2022-05-05,,True,https://www.birmingham.gov.uk/directory_record/370723/stockland_green_ward_results
f6bfb10666f45417,Green Roxanne,Green Party,2022-05-05,,True,https://www.birmingham.gov.uk/directory_record/370723/stockland_green_ward_results
66505d51b14b796a,Jones Jane Esther,Labour Party,2022-05-05,,True,https://www.birmingham.gov.uk/directory_record/370723/stockland_green_ward_results
0115d52e8a78e4f8,Kayani Mohammad,Local Conservatives,2022-05-05,,True,https://www.birmingham.gov.uk/directory_record/370723/stockland_green_ward_results
e4adf43af8a9195b,Khan Amar,Labour Party,2022-05-05,,True,https://www.birmingham.gov.uk/directory_record/370723/stockland_green_ward_results
a266181f6b6eb295,Moore Charlie,Liberal Democrats,2022-05-05,,True,https://www.birmingham.gov.uk/directory_record/370723/stockland_green_ward_results
d5337803c6e0e566,Murphy Estelle Louise,Local Conservatives,2022-05-05,,True,https://www.birmingham.gov.uk/directory_record/370723/stockland_green_ward_results
139a2f2cbf0ef331,Norris Joe,Liberal Democrats,2022-05-05,,True,https://www.birmingham.gov.uk/directory_record/370723/stockland_green_ward_results
63a4f77611a2a2ec,Woodley Ted,Trade Unionist and Socialist Coalition,2022-05-05,,True,https://www.birmingham.gov.uk/directory_record/370723/stockland_green_ward_results
dd26e150e5be5851,Barley Roger Eric,Labour Party,2022-05-05,,True,https://www.birmingham.gov.uk/directory_record/370771/sutton_four_oaks_ward_results
189084bebee3a0d8,Cornish Maureen,The Conservative Party Candidate,2022-05-05,,True,https://www.birmingham.gov.uk/directory_record/370771/sutton_four_oaks_ward_results
f8f3611387d95646,Hudson Linda Mary,Green Party,2022-05-05,,True,https://www.birmingham.gov.uk/directory_record/370771/sutton_four_oaks_ward_results
b2d35e0008b58ca0,Willett David Michael,Liberal Democrats,2022-05-05,,True,https://www.birmingham.gov.uk/directory_record/370771/sutton_four_oaks_ward_results
49512d70c4dab6fc,Jenkins Meirion,The Conservative Party Candidate,2022-05-05,,True,https://www.birmingham.gov.uk/directory_record/370729/sutton_mere_green_ward_results
9ad028efbd1f7307,Mackenzie Max Cameron,Labour Party,2022-05-05,,True,https://www.birmingham.gov.uk/directory_record/370729/sutton_mere_green_ward_results
354e06c0b7889896,Okole Anne Margaret,Green Party,2022-05-05,,True,https://www.birmingham.gov.uk/directory_record/370729/sutton_mere_green_ward_results
8c4647ded1a7fe65,Wilber Regine,Liberal Democrats,2022-05-05,,True,https://www.birmingham.gov.uk/directory_record/370729/sutton_mere_green_ward_results
9cdc80ca4beff4a2,Auton Ben,Green Party,2022-05-05,,True,https://www.birmingham.gov.uk/directory_record/370725/sutton_reddicap_ward_results
0dbb2164bcd57263,Parkin Richard Frederick Jex,The Conservative Party Candidate,2022-05-05,,True,https://www.birmingham.gov.uk/directory_record/370725/sutton_reddicap_ward_results
09f8eda63725e6fb,Preston Judy Annemarie,Labour Party,2022-05-05,,True,https://www.birmingham.gov.uk/directory_record/370725/sutton_reddicap_ward_results
f54f6f7b041ad02f,Mackey Ewan Forbes,The Conservative Party Candidate,2022-05-05,,True,https://www.birmingham.gov.uk/directory_record/370724/sutton_roughley_ward_results
fc6feafa9c0a16cc,Masih Brandon,Liberal Democrats,2022-05-05,,True,https://www.birmingham.gov.uk/directory_record/370724/sutton_roughley_ward_results
4caa7799a1b20917,Mika Pat,Labour Party,2022-05-05,,True,https://www.birmingham.gov.uk/directory_record/370724/sutton_roughley_ward_results
b1af42fe2bca256e,McCollin Rachel Emma,Green Party,2022-05-05,,True,https://www.birmingham.gov.uk/directory_record/370720/sutton_trinity_ward_results
0a087ce35da0cec1,Pears David Christopher,The Conservative Party Candidate,2022-05-05,,True,https://www.birmingham.gov.uk/directory_record/370720/sutton_trinity_ward_results
36ea472dee37bdde,Quinn Peter Anthony,Labour Party,2022-05-05,,True,https://www.birmingham.gov.uk/directory_record/370720/sutton_trinity_ward_results
6051827f81c4b6d4,Wilkinson Jenny,Liberal Democrats,2022-05-05,,True,https://www.birmingham.gov.uk/directory_record/370720/sutton_trinity_ward_results
abdf39ff763e43ed,Cairns Jan,The Conservative Party Candidate,2022-05-05,,True,https://www.birmingham.gov.uk/directory_record/370719/sutton_vesey_ward_results
488d47092690686a,Eperjesi Frank,The Conservative Party Candidate,2022-05-05,,True,https://www.birmingham.gov.uk/directory_record/370719/sutton_vesey_ward_results
7c10711cc40869a3,Lewis Mark Andrew,Liberal Democrats,2022-05-05,,True,https://www.birmingham.gov.uk/directory_record/370719/sutton_vesey_ward_results
7621907439372fba,Pocock Rob,Labour Party,2022-05-05,,True,https://www.birmingham.gov.uk/directory_record/370719/sutton_vesey_ward_results
68e10dcb0b93506a,Richardson Doctor Paul Benjamin,Liberal Democrats,2022-05-05,,True,https://www.birmingham.gov.uk/directory_record/370719/sutton_vesey_ward_results
e0184d29f136179f,Scott Kath,Labour Party,2022-05-05,,True,https://www.birmingham.gov.uk/directory_record/370719/sutton_vesey_ward_results
b37e9dd005007858,Barrie David Stuart,The Conservative Party Candidate,2022-05-05,,True,https://www.birmingham.gov.uk/directory_record/370713/sutton_walmley_and_minworth_ward_results
0df854372f678f4b,Blenkinsop Joseph Anselm,Labour Party,2022-05-05,,True,https://www.birmingham.gov.uk/directory_record/370713/sutton_walmley_and_minworth_ward_results
4ee43042bf248935,Cooke David,Liberal Democrats,2022-05-05,,True,https://www.birmingham.gov.uk/directory_record/370713/sutton_walmley_and_minworth_ward_results
e9257652a3078537,Garrington James Austin,Liberal Democrats,2022-05-05,,True,https://www.birmingham.gov.uk/directory_record/370713/sutton_walmley_and_minworth_ward_results
fb303a1b47ff28dc,Marriott Colin Leslie Fredric,Green Party,2022-05-05,,True,https://www.birmingham.gov.uk/directory_record/370713/sutton_walmley_and_minworth_ward_results
0b939cf6ec9bbc00,Wilde Ruth Anna Jane,Labour Party,2022-05-05,,True,https://www.birmingham.gov.uk/directory_record/370713/sutton_walmley_and_minworth_ward_results
46baf6996d494797,Wood Ken,The Conservative Party Candidate,2022-05-05,,True,https://www.birmingham.gov.uk/directory_record/370713/sutton_walmley_and_minworth_ward_results
7c90b8902e044071,Challenor Zoe,Green Party,2022-05-05,,True,https://www.birmingham.gov.uk/directory_record/370718/sutton_wylde_green_ward_results
c68efa3f1e080b2e,Johnson Terry,Labour Party,2022-05-05,,True,https://www.birmingham.gov.uk/directory_record/370718/sutton_wylde_green_ward_results
9830e059cb46a121,Spencer Doctor John Malcolm,Liberal Democrats,2022-05-05,,True,https://www.birmingham.gov.uk/directory_record/370718/sutton_wylde_green_ward_results
a1aeba9cebdef27a,Yip Alex,The Conservative Party Candidate,2022-05-05,,True,https://www.birmingham.gov.uk/directory_record/370718/sutton_wylde_green_ward_results
ca7f471823290575,Amjad Sajad,Liberal Democrats,2022-05-05,,True,https://www.birmingham.gov.uk/directory_record/370712/tyseley_and_hay_mills_ward_results
2a9d2e7472f4441e,Begum Najma,Local Conservatives,2022-05-05,,True,https://www.birmingham.gov.uk/directory_record/370712/tyseley_and_hay_mills_ward_results
bac7569e001b2658,Hindley Joanna Mae,Green Party,2022-05-05,,True,https://www.birmingham.gov.uk/directory_record/370712/tyseley_and_hay_mills_ward_results
b732217a2b675376,Iqbal Zafar,Labour Party,2022-05-05,,True,https://www.birmingham.gov.uk/directory_record/370712/tyseley_and_hay_mills_ward_results
f79ab68b34443cfb,Ali Hassan,Local Conservatives,2022-05-05,,True,https://www.birmingham.gov.uk/directory_record/370711/ward_end_ward_results
b3455914b82086f5,Ali Naz,Liberal Democrats,2022-05-05,,True,https://www.birmingham.gov.uk/directory_record/370711/ward_end_ward_results
7581c2ed247a62e9,Bi Bushra,Labour Party,2022-05-05,,True,https://www.birmingham.gov.uk/directory_record/370711/ward_end_ward_results
0a7971cca0aa82d3,Khan Imran Ali,Green Party,2022-05-05,,True,https://www.birmingham.gov.uk/directory_record/370711/ward_end_ward_results
4c880829815bbf41,Axe Kirsty Jayne,Green Party,2022-05-05,,True,https://www.birmingham.gov.uk/directory_record/370708/weoley_and_selly_oak_ward_results
72939e0b39ac69bb,Ellinor Luke,Liberal Democrats,2022-05-05,,True,https://www.birmingham.gov.uk/directory_record/370708/weoley_and_selly_oak_ward_results
3a0f6edd8973a18f,Hammond Claire Marie,Green Party,2022-05-05,,True,https://www.birmingham.gov.uk/directory_record/370708/weoley_and_selly_oak_ward_results
fb179cf16e73538c,Mills Philip,Liberal Democrats,2022-05-05,,True,https://www.birmingham.gov.uk/directory_record/370708/weoley_and_selly_oak_ward_results
08344f389b11295f,Perks Miranda Juliet,Labour Party,2022-05-05,,True,https://www.birmingham.gov.uk/directory_record/370708/weoley_and_selly_oak_ward_results
b1a3505dd33bcad0,Smith Claire Lesley,Conservative Party Candidate,2022-05-05,,True,https://www.birmingham.gov.uk/directory_record/370708/weoley_and_selly_oak_ward_results
437baff35b441817,Smith Paul Michael,Conservative Party Candidate,2022-05-05,,True,https://www.birmingham.gov.uk/directory_record/370708/weoley_and_selly_oak_ward_results
f3b349c433cd0241,Tennant Jamie,Labour Party,2022-05-05,,True,https://www.birmingham.gov.uk/directory_record/370708/weoley_and_selly_oak_ward_results
2d3b3c194bb4b06f,Broadley Ben,Local Conservatives,2022-05-05,,True,https://www.birmingham.gov.uk/directory_record/370707/yardley_east_ward_results
7689cfded0ad5d83,Harries Deborah,Liberal Democrats,2022-05-05,,True,https://www.birmingham.gov.uk/directory_record/370707/yardley_east_ward_results
224b1aff6fb9b27d,Khuhro Fayaz Ahmed,Labour Party,2022-05-05,,True,https://www.birmingham.gov.uk/directory_record/370707/yardley_east_ward_results
a4ac81f810319efa,Baz Baber,Liberal Democrats,2022-05-05,,True,https://www.birmingham.gov.uk/directory_record/370703/yardley_west_and_stetchford_ward_results
2695a96bae358970,Hardie Monica,Local Conservatives,2022-05-05,,True,https://www.birmingham.gov.uk/directory_record/370703/yardley_west_and_stetchford_ward_results
aeaa7c4269456bd2,John Yvette,Labour Party,2022-05-05,,True,https://www.birmingham.gov.uk/directory_record/370703/yardley_west_and_stetchford_ward_results
