meeting_url,meeting_title,meeting_date,expected_name,expected_name_key,observed_status,observed_section,observed_page_number,observed_person_url,reason,comparison_status,source_url
https://birmingham.cmis.uk.com/birmingham/Meetings/tabid/70/ctl/ViewMeetingPublic/mid/397/Meeting/14802/Committee/28/Default.aspx,Meeting Details,,Councillor Roger Harmer,roger harmer,attended,Attended - Committee Members,,https://birmingham.cmis.uk.com/birmingham/Councillors/tabid/63/ctl/ViewCMIS_Person/mid/383/id/87/Default.aspx,,matched,https://birmingham.cmis.uk.com/birmingham/Meetings/tabid/70/ctl/ViewMeetingPublic/mid/397/Meeting/14802/Committee/28/Default.aspx
https://birmingham.cmis.uk.com/birmingham/Meetings/tabid/70/ctl/ViewMeetingPublic/mid/397/Meeting/14802/Committee/28/Default.aspx,Meeting Details,,Councillor Penny Wagg,penny wagg,attended,Attended - Committee Members,,https://birmingham.cmis.uk.com/birmingham/Councillors/tabid/63/ctl/ViewCMIS_Person/mid/383/id/1222/Default.aspx,,matched,https://birmingham.cmis.uk.com/birmingham/Meetings/tabid/70/ctl/ViewMeetingPublic/mid/397/Meeting/14802/Committee/28/Default.aspx
https://birmingham.cmis.uk.com/birmingham/Meetings/tabid/70/ctl/ViewMeetingPublic/mid/397/Meeting/14802/Committee/28/Default.aspx,Meeting Details,,Councillor Akhlaq Ahmed,akhlaq ahmed,apology,Apologies,,https://birmingham.cmis.uk.com/birmingham/Councillors/tabid/63/ctl/ViewCMIS_Person/mid/383/id/1005/Default.aspx,,matched,https://birmingham.cmis.uk.com/birmingham/Meetings/tabid/70/ctl/ViewMeetingPublic/mid/397/Meeting/14802/Committee/28/Default.aspx
https://birmingham.cmis.uk.com/birmingham/Meetings/tabid/70/ctl/ViewMeetingPublic/mid/397/Meeting/14802/Committee/28/Default.aspx,Meeting Details,,Councillor Saima Ahmed,saima ahmed,apology,Apologies,,https://birmingham.cmis.uk.com/birmingham/Councillors/tabid/63/ctl/ViewCMIS_Person/mid/383/id/1282/Default.aspx,,matched,https://birmingham.cmis.uk.com/birmingham/Meetings/tabid/70/ctl/ViewMeetingPublic/mid/397/Meeting/14802/Committee/28/Default.aspx
https://birmingham.cmis.uk.com/birmingham/Meetings/tabid/70/ctl/ViewMeetingPublic/mid/397/Meeting/14802/Committee/28/Default.aspx,Meeting Details,,Councillor Deirdre Alden,deirdre alden,apology,Apologies,,https://birmingham.cmis.uk.com/birmingham/Councillors/tabid/63/ctl/ViewCMIS_Person/mid/383/id/80/Default.aspx,,matched,https://birmingham.cmis.uk.com/birmingham/Meetings/tabid/70/ctl/ViewMeetingPublic/mid/397/Meeting/14802/Committee/28/Default.aspx
https://birmingham.cmis.uk.com/birmingham/Meetings/tabid/70/ctl/ViewMeetingPublic/mid/397/Meeting/14802/Committee/28/Default.aspx,Meeting Details,,Councillor Robert Alden,robert alden,apology,Apologies,,https://birmingham.cmis.uk.com/birmingham/Councillors/tabid/63/ctl/ViewCMIS_Person/mid/383/id/126/Default.aspx,,matched,https://birmingham.cmis.uk.com/birmingham/Meetings/tabid/70/ctl/ViewMeetingPublic/mid/397/Meeting/14802/Committee/28/Default.aspx
https://birmingham.cmis.uk.com/birmingham/Meetings/tabid/70/ctl/ViewMeetingPublic/mid/397/Meeting/14802/Committee/28/Default.aspx,Meeting Details,,Councillor Gurdial Singh Atwal,gurdial singh atwal,apology,Apologies,,https://birmingham.cmis.uk.com/birmingham/Councillors/tabid/63/ctl/ViewCMIS_Person/mid/383/id/73/Default.aspx,,matched,https://birmingham.cmis.uk.com/birmingham/Meetings/tabid/70/ctl/ViewMeetingPublic/mid/397/Meeting/14802/Committee/28/Default.aspx
https://birmingham.cmis.uk.com/birmingham/Meetings/tabid/70/ctl/ViewMeetingPublic/mid/397/Meeting/14802/Committee/28/Default.aspx,Meeting Details,,Councillor Raqeeb Aziz,raqeeb aziz,apology,Apologies,,https://birmingham.cmis.uk.com/birmingham/Councillors/tabid/63/ctl/ViewCMIS_Person/mid/383/id/1228/Default.aspx,,matched,https://birmingham.cmis.uk.com/birmingham/Meetings/tabid/70/ctl/ViewMeetingPublic/mid/397/Meeting/14802/Committee/28/Default.aspx
https://birmingham.cmis.uk.com/birmingham/Meetings/tabid/70/ctl/ViewMeetingPublic/mid/397/Meeting/14802/Committee/28/Default.aspx,Meeting Details,,Councillor Shabina Bano,shabina bano,apology,Apologies,,https://birmingham.cmis.uk.com/birmingham/Councillors/tabid/63/ctl/ViewCMIS_Person/mid/383/id/1245/Default.aspx,,matched,https://birmingham.cmis.uk.com/birmingham/Meetings/tabid/70/ctl/ViewMeetingPublic/mid/397/Meeting/14802/Committee/28/Default.aspx
https://birmingham.cmis.uk.com/birmingham/Meetings/tabid/70/ctl/ViewMeetingPublic/mid/397/Meeting/14802/Committee/28/Default.aspx,Meeting Details,,Councillor David Barker,david barker,apology,Apologies,,https://birmingham.cmis.uk.com/birmingham/Councillors/tabid/63/ctl/ViewCMIS_Person/mid/383/id/1229/Default.aspx,,matched,https://birmingham.cmis.uk.com/birmingham/Meetings/tabid/70/ctl/ViewMeetingPublic/mid/397/Meeting/14802/Committee/28/Default.aspx
https://birmingham.cmis.uk.com/birmingham/Meetings/tabid/70/ctl/ViewMeetingPublic/mid/397/Meeting/14802/Committee/28/Default.aspx,Meeting Details,,Councillor David Barrie,david barrie,apology,Apologies,,https://birmingham.cmis.uk.com/birmingham/Councillors/tabid/63/ctl/ViewCMIS_Person/mid/383/id/128/Default.aspx,,matched,https://birmingham.cmis.uk.com/birmingham/Meetings/tabid/70/ctl/ViewMeetingPublic/mid/397/Meeting/14802/Committee/28/Default.aspx
https://birmingham.cmis.uk.com/birmingham/Meetings/tabid/70/ctl/ViewMeetingPublic/mid/397/Meeting/14802/Committee/28/Default.aspx,Meeting Details,,Councillor Baber Baz,baber baz,apology,Apologies,,https://birmingham.cmis.uk.com/birmingham/Councillors/tabid/63/ctl/ViewCMIS_Person/mid/383/id/1009/Default.aspx,,matched,https://birmingham.cmis.uk.com/birmingham/Meetings/tabid/70/ctl/ViewMeetingPublic/mid/397/Meeting/14802/Committee/28/Default.aspx
https://birmingham.cmis.uk.com/birmingham/Meetings/tabid/70/ctl/ViewMeetingPublic/mid/397/Meeting/14802/Committee/28/Default.aspx,Meeting Details,,Councillor Matt Bennett,matt bennett,apology,Apologies,,https://birmingham.cmis.uk.com/birmingham/Councillors/tabid/63/ctl/ViewCMIS_Person/mid/383/id/180/Default.aspx,,matched,https://birmingham.cmis.uk.com/birmingham/Meetings/tabid/70/ctl/ViewMeetingPublic/mid/397/Meeting/14802/Committee/28/Default.aspx
https://birmingham.cmis.uk.com/birmingham/Meetings/tabid/70/ctl/ViewMeetingPublic/mid/397/Meeting/14802/Committee/28/Default.aspx,Meeting Details,,Councillor Jillian Bermingham,jillian bermingham,apology,Apologies,,https://birmingham.cmis.uk.com/birmingham/Councillors/tabid/63/ctl/ViewCMIS_Person/mid/383/id/1240/Default.aspx,,matched,https://birmingham.cmis.uk.com/birmingham/Meetings/tabid/70/ctl/ViewMeetingPublic/mid/397/Meeting/14802/Committee/28/Default.aspx
https://birmingham.cmis.uk.com/birmingham/Meetings/tabid/70/ctl/ViewMeetingPublic/mid/397/Meeting/14802/Committee/28/Default.aspx,Meeting Details,,Councillor Marcus Bernasconi,marcus bernasconi,apology,Apologies,,https://birmingham.cmis.uk.com/birmingham/Councillors/tabid/63/ctl/ViewCMIS_Person/mid/383/id/1238/Default.aspx,,matched,https://birmingham.cmis.uk.com/birmingham/Meetings/tabid/70/ctl/ViewMeetingPublic/mid/397/Meeting/14802/Committee/28/Default.aspx
https://birmingham.cmis.uk.com/birmingham/Meetings/tabid/70/ctl/ViewMeetingPublic/mid/397/Meeting/14802/Committee/28/Default.aspx,Meeting Details,,Councillor Bushra Bi,bushra bi,apology,Apologies,,https://birmingham.cmis.uk.com/birmingham/Councillors/tabid/63/ctl/ViewCMIS_Person/mid/383/id/1251/Default.aspx,,matched,https://birmingham.cmis.uk.com/birmingham/Meetings/tabid/70/ctl/ViewMeetingPublic/mid/397/Meeting/14802/Committee/28/Default.aspx
https://birmingham.cmis.uk.com/birmingham/Meetings/tabid/70/ctl/ViewMeetingPublic/mid/397/Meeting/14802/Committee/28/Default.aspx,Meeting Details,,Councillor Sir Albert Bore,sir albert bore,apology,Apologies,,https://birmingham.cmis.uk.com/birmingham/Councillors/tabid/63/ctl/ViewCMIS_Person/mid/383/id/14/Default.aspx,,matched,https://birmingham.cmis.uk.com/birmingham/Meetings/tabid/70/ctl/ViewMeetingPublic/mid/397/Meeting/14802/Committee/28/Default.aspx
https://birmingham.cmis.uk.com/birmingham/Meetings/tabid/70/ctl/ViewMeetingPublic/mid/397/Meeting/14802/Committee/28/Default.aspx,Meeting Details,,Councillor Nicky Brennan,nicky brennan,apology,Apologies,,https://birmingham.cmis.uk.com/birmingham/Councillors/tabid/63/ctl/ViewCMIS_Person/mid/383/id/1023/Default.aspx,,matched,https://birmingham.cmis.uk.com/birmingham/Meetings/tabid/70/ctl/ViewMeetingPublic/mid/397/Meeting/14802/Committee/28/Default.aspx
https://birmingham.cmis.uk.com/birmingham/Meetings/tabid/70/ctl/ViewMeetingPublic/mid/397/Meeting/14802/Committee/28/Default.aspx,Meeting Details,,Councillor Kerry Brewer,kerry brewer,apology,Apologies,,https://birmingham.cmis.uk.com/birmingham/Councillors/tabid/63/ctl/ViewCMIS_Person/mid/383/id/1227/Default.aspx,,matched,https://birmingham.cmis.uk.com/birmingham/Meetings/tabid/70/ctl/ViewMeetingPublic/mid/397/Meeting/14802/Committee/28/Default.aspx
https://birmingham.cmis.uk.com/birmingham/Meetings/tabid/70/ctl/ViewMeetingPublic/mid/397/Meeting/14802/Committee/28/Default.aspx,Meeting Details,,Councillor Marje Bridle,marje bridle,apology,Apologies,,https://birmingham.cmis.uk.com/birmingham/Councillors/tabid/63/ctl/ViewCMIS_Person/mid/383/id/15/Default.aspx,,matched,https://birmingham.cmis.uk.com/birmingham/Meetings/tabid/70/ctl/ViewMeetingPublic/mid/397/Meeting/14802/Committee/28/Default.aspx
https://birmingham.cmis.uk.com/birmingham/Meetings/tabid/70/ctl/ViewMeetingPublic/mid/397/Meeting/14802/Committee/28/Default.aspx,Meeting Details,,Councillor Martin Brooks,martin brooks,apology,Apologies,,https://birmingham.cmis.uk.com/birmingham/Councillors/tabid/63/ctl/ViewCMIS_Person/mid/383/id/1231/Default.aspx,,matched,https://birmingham.cmis.uk.com/birmingham/Meetings/tabid/70/ctl/ViewMeetingPublic/mid/397/Meeting/14802/Committee/28/Default.aspx
https://birmingham.cmis.uk.com/birmingham/Meetings/tabid/70/ctl/ViewMeetingPublic/mid/397/Meeting/14802/Committee/28/Default.aspx,Meeting Details,,Councillor Mick Brown,mick brown,apology,Apologies,,https://birmingham.cmis.uk.com/birmingham/Councillors/tabid/63/ctl/ViewCMIS_Person/mid/383/id/118/Default.aspx,,matched,https://birmingham.cmis.uk.com/birmingham/Meetings/tabid/70/ctl/ViewMeetingPublic/mid/397/Meeting/14802/Committee/28/Default.aspx
https://birmingham.cmis.uk.com/birmingham/Meetings/tabid/70/ctl/ViewMeetingPublic/mid/397/Meeting/14802/Committee/28/Default.aspx,Meeting Details,,Parish Councillor Eric Carter,parish councillor eric carter,apology,Apologies,,https://birmingham.cmis.uk.com/birmingham/Councillors/tabid/63/ctl/ViewCMIS_Person/mid/383/id/164/Default.aspx,,matched,https://birmingham.cmis.uk.com/birmingham/Meetings/tabid/70/ctl/ViewMeetingPublic/mid/397/Meeting/14802/Committee/28/Default.aspx
https://birmingham.cmis.uk.com/birmingham/Meetings/tabid/70/ctl/ViewMeetingPublic/mid/397/Meeting/14802/Committee/28/Default.aspx,Meeting Details,,Dr Aqil Chaudary,dr aqil chaudary,apology,Apologies,,https://birmingham.cmis.uk.com/birmingham/Councillors/tabid/63/ctl/ViewCMIS_Person/mid/383/id/83/Default.aspx,,matched,https://birmingham.cmis.uk.com/birmingham/Meetings/tabid/70/ctl/ViewMeetingPublic/mid/397/Meeting/14802/Committee/28/Default.aspx
https://birmingham.cmis.uk.com/birmingham/Meetings/tabid/70/ctl/ViewMeetingPublic/mid/397/Meeting/14802/Committee/28/Default.aspx,Meeting Details,,Councillor Zaker Choudhry,zaker choudhry,apology,Apologies,,https://birmingham.cmis.uk.com/birmingham/Councillors/tabid/63/ctl/ViewCMIS_Person/mid/383/id/130/Default.aspx,,matched,https://birmingham.cmis.uk.com/birmingham/Meetings/tabid/70/ctl/ViewMeetingPublic/mid/397/Meeting/14802/Committee/28/Default.aspx
https://birmingham.cmis.uk.com/birmingham/Meetings/tabid/70/ctl/ViewMeetingPublic/mid/397/Meeting/14802/Committee/28/Default.aspx,Meeting Details,,Councillor Debbie Clancy,debbie clancy,apology,Apologies,,https://birmingham.cmis.uk.com/birmingham/Councillors/tabid/63/ctl/ViewCMIS_Person/mid/383/id/182/Default.aspx,,matched,https://birmingham.cmis.uk.com/birmingham/Meetings/tabid/70/ctl/ViewMeetingPublic/mid/397/Meeting/14802/Committee/28/Default.aspx
https://birmingham.cmis.uk.com/birmingham/Meetings/tabid/70/ctl/ViewMeetingPublic/mid/397/Meeting/14802/Committee/28/Default.aspx,Meeting Details,,Councillor Liz Clements,liz clements,apology,Apologies,,https://birmingham.cmis.uk.com/birmingham/Councillors/tabid/63/ctl/ViewCMIS_Person/mid/383/id/967/Default.aspx,,matched,https://birmingham.cmis.uk.com/birmingham/Meetings/tabid/70/ctl/ViewMeetingPublic/mid/397/Meeting/14802/Committee/28/Default.aspx
