councillor_name,ward_name,party_name,councillor_url,councillor_id,page_last_updated,joined_council,office_expires,council_service,telephone,email,has_surgery,surgery_summary,register_of_interests_url
Raihaan Abbas,Sparkbrook & Balsall Heath East,Independent,https://www.birmingham.gov.uk/councillors/59/raihaan_abbas,59,2026-05-15,,2030,,,,True,Sparkbrook & Balsall Heath East Ward @ Independent Party,
Mansuur Ahmed,Nechells,Independent,https://www.birmingham.gov.uk/councillors/167/mansuur_ahmed,167,2026-05-15,8 May 2026,2030,8 May 2026 to date,,,True,Nechells Ward @ Independent Party,
Deirdre Alden,Edgbaston,Conservative,https://www.birmingham.gov.uk/councillors/5/deirdre_alden,5,2026-05-11,6 May 1999,2030,May 1999 to date,,,False,,https://www.birmingham.gov.uk/downloads/file/3552/councillor_deirdre_alden
Robert Alden,Erdington,Conservative,https://www.birmingham.gov.uk/councillors/7/robert_alden,7,2026-05-11,4 May 2006,2030,May 2006 to date,,,True,Erdington Ward @ Conservative Party,https://www.birmingham.gov.uk/downloads/file/3554/councillor_robert_alden
Duncan Ali,Balsall Heath West,Green,https://www.birmingham.gov.uk/councillors/157/duncan_ali,157,2026-05-13,To be confirmed,2030,To be confirmed,,,True,Balsall Heath West Ward @ Green Party,
Jess Ankrett,Glebe Farm & Tile Cross,Reform UK,https://www.birmingham.gov.uk/councillors/22/jess_ankrett,22,2026-05-15,,2030,,,,True,Glebe Farm & Tile Cross Ward @ Reform UK Party,
Jane Baston,Bournbrook & Selly Park,Green,https://www.birmingham.gov.uk/councillors/85/jane_baston,85,2026-05-15,To be confirmed,2030,To be confirmed,,,True,Bournbrook & Selly Park Ward @ Green Party,
Baber Baz,Yardley West & Stechford,Liberal Democrat,https://www.birmingham.gov.uk/councillors/143/baber_baz,143,2026-05-11,3 May 2018,2030,May 2018 to date,,,True,Yardley West & Stechford Ward @ Liberal Democrat Party,https://www.birmingham.gov.uk/downloads/file/10249/councillor_baber_baz
Rasheda Begum,Newtown,Labour,https://www.birmingham.gov.uk/councillors/63/rasheda_begum,63,2026-05-15,8 May 2026,2030,8 May 2026 to date,,,True,Newtown Ward @ Labour Party,
Matt Bennett,Edgbaston,Conservative,https://www.birmingham.gov.uk/councillors/16/matt_bennett,16,2026-05-11,1 May 2008,2030,"May 2008 to May 2012, May 2015 to date",,,False,,https://www.birmingham.gov.uk/downloads/file/3563/councillor_matt_bennett
Marcus Bernasconi,North Edgbaston,Labour,https://www.birmingham.gov.uk/councillors/168/marcus_bernasconi,168,2026-05-11,5 May 2022,2030,5 May 2022 to date,,,True,North Edgbaston Ward @ Labour Party,https://www.birmingham.gov.uk/downloads/file/23389/councillor_marcus_bernasconi
Bushra Bi,Sparkhill,Labour,https://www.birmingham.gov.uk/councillors/181/bushra_bi,181,2026-05-11,5 May 2022,2030,May 2022 to date,,,True,Sparkhill Ward @ Labour Party,https://www.birmingham.gov.uk/downloads/file/23390/councillor_bushra_bi
Nicky Brennan,Bournville & Cotteridge,Labour,https://www.birmingham.gov.uk/councillors/123/nicky_brennan,123,2026-05-12,3 May 2018,2030,May 2018 to date,,,True,Bournville & Cotteridge Ward @ Labour Party,https://www.birmingham.gov.uk/downloads/file/10248/councillor_nicky_brennan
Su Brooks,Soho & Jewellery Quarter,Labour,https://www.birmingham.gov.uk/councillors/77/su_brooks,77,2026-05-15,,2030,,,,True,Soho & Jewellery Quarter Ward @ Labour Party,
Martin Brooks OBE,Harborne,"Harborne, Quinton & Oscott Independents",https://www.birmingham.gov.uk/councillors/161/martin_brooks_obe,161,2026-05-11,6 May 1982,2030,May 1982 to May 1999; May 2022 to date,,,True,"Harborne Ward @ Harborne, Quinton & Oscott Independents Party",https://www.birmingham.gov.uk/downloads/file/23392/councillor_martin_brooks
Mick Brown,Gravelly Hill,Labour,https://www.birmingham.gov.uk/councillors/23/mick_brown,23,2026-05-11,3 May 2012,2030,May 2012 to date,,,True,Gravelly Hill Ward @ Labour Party,https://www.birmingham.gov.uk/downloads/file/3571/councillor_mick_brown
Manni Butt,Stockland Green,Reform UK,https://www.birmingham.gov.uk/councillors/178/manni_butt,178,2026-05-15,7 May 2026,2030,May 2026 to date,,,True,Stockland Green Ward @ Reform UK Party,
Kevin Carmody,Harborne,Green,https://www.birmingham.gov.uk/councillors/45/kevin_carmody,45,2026-05-15,8 May 2026,2026,May 2026 to present,,,True,Harborne Ward @ Green Party,
Danny Carter,Pype Hayes,Reform UK,https://www.birmingham.gov.uk/councillors/171/danny_carter,171,2026-05-15,,2030,,,,True,Pype Hayes Ward @ Reform UK Party,
Zaker Choudhry,South Yardley,Liberal Democrat,https://www.birmingham.gov.uk/councillors/28/zaker_choudhry,28,2026-05-11,5 May 2006,2030,"May 2006 to May 2010, May 2014 to date",,,True,South Yardley Ward @ Liberal Democrat Party,https://www.birmingham.gov.uk/downloads/file/3576/councillor_zaker_choudhry
Darren Colling,Sheldon,Reform UK,https://www.birmingham.gov.uk/councillors/174/darren_colling,174,2026-05-15,,2030,,,,True,Sheldon Ward @ Reform UK Party,
Rachel Conaghan,Sheldon,Reform UK,https://www.birmingham.gov.uk/councillors/111/rachel_conaghan,111,2026-05-15,,2030,,,,True,Sheldon Ward @ Reform UK Party,
John Cooper,Sutton Vesey,Conservative,https://www.birmingham.gov.uk/councillors/93/john_cooper,93,2026-05-15,7 May 2026,2030,May 2026 to date,,,True,Sutton Vesey Ward @ Conservative Party,
Diane Donaldson,Bromford & Hodge Hill,Labour,https://www.birmingham.gov.uk/councillors/38/diane_donaldson,38,2026-05-12,,2030,May 2016 to date,,,True,Bromford & Hodge Hill Ward @ Labour Party,https://www.birmingham.gov.uk/downloads/file/3586/councillor_diane_donaldson
Alan Feeney,Shard End,Reform UK,https://www.birmingham.gov.uk/councillors/116/alan_feeney,116,2026-05-15,,2030,,,,True,Shard End Ward @ Reform UK Party,
Sam Forsyth,Quinton,Independent,https://www.birmingham.gov.uk/councillors/172/sam_forsyth,172,2026-05-11,5 May 2022,2030,May 2022 to date,,,True,Quinton Ward @ Independent Party,https://www.birmingham.gov.uk/downloads/file/23531/councillor_sam_forsyth
Corinne Fowler,Bournbrook & Selly Park,Green,https://www.birmingham.gov.uk/councillors/187/corinne_fowler,187,2026-05-15,To be confirmed,2030,To be confirmed,,,True,Bournbrook & Selly Park Ward @ Green Party,
Eddie Freeman,Allens Cross,Reform UK,https://www.birmingham.gov.uk/councillors/192/eddie_freeman,192,2026-05-15,To be confirmed,2030,To be confirmed,,,True,Allens Cross Ward @ Reform UK Party,
Ed Freshwater,Handsworth,Green,https://www.birmingham.gov.uk/councillors/95/ed_freshwater,95,2026-05-15,,2030,,,,True,Handsworth Ward @ Green Party,
Chris Garghan,Billesley,Green,https://www.birmingham.gov.uk/councillors/37/chris_garghan,37,2026-05-15,,2030,,,,True,Billesley Ward @ Green Party,
Ray Goodwin,Castle Vale,Labour,https://www.birmingham.gov.uk/councillors/160/ray_goodwin,160,2026-05-12,5 May 2022,,May 2022 to date,,,True,Castle Vale Ward @ Labour Party,https://www.birmingham.gov.uk/downloads/file/23454/councillor_ray_goodwin
Rob Grant,Kings Norton South,Green,https://www.birmingham.gov.uk/councillors/163/rob_grant,163,2026-05-12,5 May 2022,2030,May 2022 to date,,,False,,https://www.birmingham.gov.uk/downloads/file/23455/councillor_rob_grant
Graham Green,Oscott,Reform UK,https://www.birmingham.gov.uk/councillors/40/graham_green,40,2026-05-15,,2030,,,,True,Oscott Ward @ Reform UK Party,
Roxanne Green,Bournville & Cotteridge,Green,https://www.birmingham.gov.uk/councillors/126/roxanne_green,126,2026-05-15,To be confirmed,2030,To be confirmed,,,True,Bournville & Cotteridge Ward @ Green Party,
Gemma Guttridge,Frankley Great Park,Reform UK,https://www.birmingham.gov.uk/councillors/130/gemma_guttridge,130,2026-05-15,,2030,,,,True,Frankley Great Park Ward @ Reform UK Party,
George Hall,Northfield,Reform UK,https://www.birmingham.gov.uk/councillors/189/george_hall,189,2026-05-15,,2030,,,,True,Northfield Ward @ Reform UK Party,
Roger Harmer,Acocks Green,Liberal Democrat,https://www.birmingham.gov.uk/councillors/51/roger_harmer,51,2026-05-11,4 May 1995,2030,"May 1995 to May 2001, May 2008 to May 2012, May 2014 to date",,,True,Acocks Green Ward @ Liberal Democrat Party,https://www.birmingham.gov.uk/downloads/file/3599/councillor_roger_harmer
Siobhan Harper-Nunes,Ladywood,Green,https://www.birmingham.gov.uk/councillors/19/siobhan_harper-nunes,19,2026-05-15,8 May 2026,2030,8 May 2026 to date,,,True,Ladywood Ward @ Green Party,
Deborah Harries,Yardley East,Liberal Democrat,https://www.birmingham.gov.uk/councillors/149/deborah_harries,149,2026-05-11,21 October 2021,2030,October 2021 to date,,,True,Yardley East Ward @ Liberal Democrat Party,https://www.birmingham.gov.uk/downloads/file/21545/councillor_deborah_harries
Kamel Hawwash,Stirchley,Green,https://www.birmingham.gov.uk/councillors/82/kamel_hawwash,82,2026-05-15,7 May 2026,2030,May 2026 to date,,,True,Stirchley Ward @ Green Party,
Adam Higgs,Highters Heath,Conservative,https://www.birmingham.gov.uk/councillors/134/adam_higgs,134,2026-05-11,3 May 2018,2030,May 2018 to date,,,True,Highters Heath Ward @ Conservative Party,https://www.birmingham.gov.uk/downloads/file/10223/councillor_adam_higgs
James Hinton,Perry Barr,Liberal Democrat,https://www.birmingham.gov.uk/councillors/57/james_hinton,57,2026-05-15,,2030,,,,True,Perry Barr Ward @ Liberal Democrat Party,
Raheem Humphreys,Ladywood,Green,https://www.birmingham.gov.uk/councillors/52/raheem_humphreys,52,2026-05-15,8 May 2026,2030,8 May 2026 to date,,,True,Ladywood Ward @ Green Party,
Adnan Hussain,Bordesley Green,Independent,https://www.birmingham.gov.uk/councillors/158/adnan_hussain,158,2026-05-15,To be confirmed,2030,To be confirmed,,,True,Bordesley Green Ward @ Independent Party,
Mumtaz Hussain,Aston,Liberal Democrat,https://www.birmingham.gov.uk/councillors/155/mumtaz_hussain,155,2026-05-11,5 May 2022,2030,May 2022 to date,,,True,Aston Ward @ Liberal Democrat Party,https://www.birmingham.gov.uk/downloads/file/23534/councillor_mumtaz_hussain
Timothy Huxtable,Hall Green South,Conservative,https://www.birmingham.gov.uk/councillors/60/timothy_huxtable,60,2026-05-11,2 May 2002,2030,May 2002 to date,,,True,Hall Green South Ward @ Conservative Party,https://www.birmingham.gov.uk/downloads/file/3608/councillor_timothy_huxtable
Morriam Jan,Perry Barr,Liberal Democrat,https://www.birmingham.gov.uk/councillors/122/morriam_jan,122,2026-05-11,4 May 2017,2030,May 2017 to date,,,True,Perry Barr Ward @ Liberal Democrat Party,
Meirion Jenkins,Sutton Mere Green,Conservative,https://www.birmingham.gov.uk/councillors/65/meirion_jenkins,65,2026-05-11,3 May 2012,2030,May 2012 to date,,,True,Sutton Mere Green Ward @ Conservative Party,https://www.birmingham.gov.uk/downloads/file/3613/councillor_meirion_jenkins
Shehryay Kayani,Glebe Farm & Tile Cross,Workers Party,https://www.birmingham.gov.uk/councillors/34/shehryay_kayani,34,2026-05-15,,2030,,,,True,Glebe Farm & Tile Cross Ward @ Workers Party Party,
Ali Kazi,Bordesley & Highgate,Green,https://www.birmingham.gov.uk/councillors/88/ali_kazi,88,2026-05-15,To be confirmed,2030,To be confirmed,,,True,Bordesley & Highgate Ward @ Green Party,
Nosheen Khalid,Alum Rock,Independent,https://www.birmingham.gov.uk/councillors/61/nosheen_khalid,61,2026-05-15,To be confirmed,2030,To be confirmed,,,True,Alum Rock Ward @ Independent Party,
Harris Khaliq,Ward End,Independent,https://www.birmingham.gov.uk/councillors/137/harris_khaliq,137,2026-05-15,8 May 2026,2030,May 2026 to date,,,True,Ward End Ward @ Independent Party,
Amar Khan,Stockland Green,Independent,https://www.birmingham.gov.uk/councillors/179/amar_khan,179,2026-05-11,5 May 2022,2030,May 2022 to date,,,True,Stockland Green Ward @ Independent Party,https://www.birmingham.gov.uk/downloads/file/23539/councillor_amar_khan
Jamil Khan,Sparkbrook & Balsall Heath East,Independent,https://www.birmingham.gov.uk/councillors/186/jamil_khan,186,2026-05-15,,2030,,,,True,Sparkbrook & Balsall Heath East Ward @ Independent Party,
Shaukat Ali Khan,Small Heath,Liberal Democrat,https://www.birmingham.gov.uk/councillors/175/shaukat_ali_khan,175,2026-05-15,,2030,,,,True,Small Heath Ward @ Liberal Democrat Party,
Izzy Knowles BEM,Moseley,Liberal Democrat,https://www.birmingham.gov.uk/councillors/166/izzy_knowles_bem,166,2026-05-11,5 May 2022,2030,5 May 2022 to date,,,True,Moseley Ward @ Liberal Democrat Party,https://www.birmingham.gov.uk/downloads/file/23460/councillor_izzy_knowles
Narinder Kaur Kooner OBE,Handsworth Wood,Labour,https://www.birmingham.gov.uk/councillors/76/narinder_kaur_kooner_obe,76,2026-05-11,4 May 2006,2030,May 2006 to date,,,True,Handsworth Wood Ward @ Labour Party,https://www.birmingham.gov.uk/downloads/file/3624/councillor_narinder_kaur_kooner
Randeep Kular,Handsworth Wood,Labour,https://www.birmingham.gov.uk/councillors/11/randeep_kular,11,2026-05-15,,2030,,,,True,Handsworth Wood Ward @ Labour Party,
John Lambert,Kingstanding,Reform UK,https://www.birmingham.gov.uk/councillors/165/john_lambert,165,2026-05-15,8 May 2026,2030,8 May 2026 to date,,,True,Kingstanding Ward @ Reform UK Party,
Charlie Latchford,Longbridge & West Heath,Reform UK,https://www.birmingham.gov.uk/councillors/29/charlie_latchford,29,2026-05-15,8 May 2026,2030,8 May 2026 to date,,,True,Longbridge & West Heath Ward @ Reform UK Party,
Arshid Mahmood,Birchfield,Labour,https://www.birmingham.gov.uk/councillors/58/arshid_mahmood,58,2026-05-15,To be confirmed,2030,To be confirmed,,,True,Birchfield Ward @ Labour Party,
Majid Mahmood,Bromford & Hodge Hill,Labour,https://www.birmingham.gov.uk/councillors/84/majid_mahmood,84,2026-05-12,,,,,,True,Bromford & Hodge Hill Ward @ Labour Party,https://www.birmingham.gov.uk/downloads/file/3632/councillor_majid_mahmood
Rashad Mahmood,Sparkhill,Labour,https://www.birmingham.gov.uk/councillors/177/rashad_mahmood,177,2026-05-11,5 May 2022,2030,May 2022 to date,,,True,Sparkhill Ward @ Labour Party,https://www.birmingham.gov.uk/downloads/file/23484/councillor_rashad_mahmood
Shaukat Mahmood,Alum Rock,Independent,https://www.birmingham.gov.uk/councillors/75/shaukat_mahmood,75,2026-05-15,To be confirmed,2030,To be confirmed,,,True,Alum Rock Ward @ Independent Party,
Glyn Marston,Weoley & Selly Oak,Reform UK,https://www.birmingham.gov.uk/councillors/183/glyn_marston,183,2026-05-15,8 May 2026,2030,May 2026 to date,,,True,Weoley & Selly Oak Ward @ Reform UK Party,
Martin McAuley,Oscott,Reform UK,https://www.birmingham.gov.uk/councillors/145/martin_mcauley,145,2026-05-15,,2030,,,,True,Oscott Ward @ Reform UK Party,
Saddak Miah,Garretts Green,Labour,https://www.birmingham.gov.uk/councillors/144/saddak_miah,144,2026-05-11,3 May 2018,2030,May 2018 to date,,,True,Garretts Green Ward @ Labour Party,https://www.birmingham.gov.uk/downloads/file/10218/councillor_saddak_miah
Philip Mills,Moseley,Liberal Democrat,https://www.birmingham.gov.uk/councillors/191/philip_mills,191,2026-05-12,23 October 2025,2030,23 October 2025 to date,,,True,Moseley Ward @ Liberal Democrat Party,https://www.birmingham.gov.uk/downloads/file/30999/councillor_philip_mills
Gareth Moore,Erdington,Conservative,https://www.birmingham.gov.uk/councillors/87/gareth_moore,87,2026-05-11,5 May 2011,2030,May 2011 to date,,,True,Erdington Ward @ Conservative Party,https://www.birmingham.gov.uk/downloads/file/3635/councillor_gareth_moore
Jex Parkin,Kingstanding,Reform UK,https://www.birmingham.gov.uk/councillors/188/jex_parkin,188,2026-05-15,8 May 2026,2030,8 May 2026,,,True,Kingstanding Ward @ Reform UK Party,
Richard Parkin,Sutton Reddicap,Conservative,https://www.birmingham.gov.uk/councillors/180/richard_parkin,180,2026-05-11,5 May 2022,2030,May 2022 to date,,,True,Sutton Reddicap Ward @ Conservative Party,https://www.birmingham.gov.uk/downloads/file/23490/councillor_richard_parkin
Harry Parmar,Sutton Roughley,Conservative,https://www.birmingham.gov.uk/councillors/83/harry_parmar,83,2026-05-15,May 2026,2030,May 2026 to date,,,True,Sutton Roughley Ward @ Conservative Party,
Anja Pawson,Sutton Vesey,Conservative,https://www.birmingham.gov.uk/councillors/142/anja_pawson,142,2026-05-15,7 May 2026,2030,May 2026 to date,,,True,Sutton Vesey Ward @ Conservative Party,
Joe Peacock,Billesley,Green,https://www.birmingham.gov.uk/councillors/147/joe_peacock,147,2026-05-15,To be confirmed,2030,To be confirmed,,,True,Billesley Ward @ Green Party,
David Pears,Sutton Trinity,Conservative,https://www.birmingham.gov.uk/councillors/91/david_pears,91,2026-05-11,7 May 1987,2030,"May 1987 to May 1991, May 1992 to May 1996, June 2004 to date",,,True,Sutton Trinity Ward @ Conservative Party,https://www.birmingham.gov.uk/downloads/file/3637/councillor_david_pears
Nagu Penakacherla,Quinton,Reform UK,https://www.birmingham.gov.uk/councillors/173/nagu_penakacherla,173,2026-05-15,,2030,,,,True,Quinton Ward @ Reform UK Party,
John Perks,Sutton Walmley & Minworth,Conservative,https://www.birmingham.gov.uk/councillors/14/john_perks,14,2026-05-15,May 2026,2030,May 2026 to date,,,True,Sutton Walmley & Minworth Ward @ Conservative Party,
Jordan Phillip,Brandwood & Kings Heath,Green,https://www.birmingham.gov.uk/councillors/159/jordan_phillip,159,2026-05-15,To be confirmed,2030,To be confirmed,,,True,Brandwood & Kings Heath Ward @ Green Party,
Julien Pritchard,Druids Heath & Monyhull,Green,https://www.birmingham.gov.uk/councillors/129/julien_pritchard,129,2026-05-11,3 May 2018,2030,May 2018 to date,,,False,,https://www.birmingham.gov.uk/downloads/file/10217/councillor_julien_pritchard
Mansoor Qureshi,Hall Green North,Green,https://www.birmingham.gov.uk/councillors/131/mansoor_qureshi,131,2026-05-15,,2030,,,,True,Hall Green North Ward @ Green Party,
Atikur Rahman,Tyseley & Hay Mills,Green,https://www.birmingham.gov.uk/councillors/62/atikur_rahman,62,2026-05-15,7 May 2026,2030,May 2026 to date,,,True,Tyseley & Hay Mills Ward @ Green Party,
Mohammed Saeed,Small Heath,Liberal Democrat,https://www.birmingham.gov.uk/councillors/176/mohammed_saeed,176,2026-05-15,,2030,,,,True,Small Heath Ward @ Liberal Democrat Party,
Haroon Salim,Hall Green North,Green,https://www.birmingham.gov.uk/councillors/148/haroon_salim,148,2026-05-15,,2030,,,,True,Hall Green North Ward @ Green Party,
Shafique Shah,Heartlands,Labour,https://www.birmingham.gov.uk/councillors/103/shafique_shah,103,2026-05-11,28 July 2005,2030,July 2005 to date,,,True,Heartlands Ward @ Labour Party,https://www.birmingham.gov.uk/downloads/file/3651/councillor_shafique_shah
Raaj Shamji,Sutton Four Oaks,Conservative,https://www.birmingham.gov.uk/councillors/33/raaj_shamji,33,2026-05-15,7 May 2026,2030,May 2026 to date,,,True,Sutton Four Oaks Ward @ Conservative Party,
Hamzah Sheikh,Brandwood & Kings Heath,Green,https://www.birmingham.gov.uk/councillors/113/hamzah_sheikh,113,2026-05-15,To be confirmed,2030,To be confirmed,,,True,Brandwood & Kings Heath Ward @ Green Party,
Rinkal Shergill,Holyhead,Birmingham Independent Councillors,https://www.birmingham.gov.uk/councillors/162/rinkal_shergill,162,2026-05-11,5 May 2022,2030,May 2022 to date,,,True,Holyhead Ward @ Birmingham Independent Councillors Party,https://www.birmingham.gov.uk/downloads/file/23519/councillor_rinkal_shergill
Abdul Shumon,Aston,Independent,https://www.birmingham.gov.uk/councillors/156/abdul_shumon,156,2026-05-15,To be confirmed,2030,To be confirmed,,,True,Aston Ward @ Independent Party,
Rajbir Singh,Bartley Green,Reform UK,https://www.birmingham.gov.uk/councillors/79/rajbir_singh,79,2026-05-15,To be confirmed,2030,To be confirmed,,,True,Bartley Green Ward @ Reform UK Party,
Shuranjeet Singh,Soho & Jewellery Quarter,Labour,https://www.birmingham.gov.uk/councillors/105/shuranjeet_singh,105,2026-05-15,,2030,,,,True,Soho & Jewellery Quarter Ward @ Labour Party,
Martin Smith,Kings Norton North,Reform UK,https://www.birmingham.gov.uk/councillors/190/martin_smith,190,2026-05-15,8 May 2026,2030,8 May 2026 to date,,,True,Kings Norton North Ward @ Reform UK Party,
Christopher Steele,Bartley Green,Reform UK,https://www.birmingham.gov.uk/councillors/152/christopher_steele,152,2026-05-15,To be confirmed,2030,To be confirmed,,,True,Bartley Green Ward @ Reform UK Party,
Taj Uddin,Lozells,Independent,https://www.birmingham.gov.uk/councillors/193/taj_uddin,193,2026-05-15,8 May 2026,2030,8 May 2026 to date,,,True,Lozells Ward @ Independent Party,
Cherie Waddingham,Weoley & Selly Oak,Reform UK,https://www.birmingham.gov.uk/councillors/182/cherie_waddingham,182,2026-05-15,8 May 2026,2030,May 2026 to date,,,True,Weoley & Selly Oak Ward @ Reform UK Party,
Penny Wagg,Acocks Green,Liberal Democrat,https://www.birmingham.gov.uk/councillors/153/penny_wagg,153,2026-05-11,1 May 2003,2030,"May 2003 to May 2011, May 2022 to date",,,True,Acocks Green Ward @ Liberal Democrat Party,https://www.birmingham.gov.uk/downloads/file/23511/councillor_penny_wagg
Anthony Ward,Longbridge & West Heath,Reform UK,https://www.birmingham.gov.uk/councillors/108/anthony_ward,108,2026-05-15,8 May 2026,2030,8 May 2026 to date,,,True,Longbridge & West Heath Ward @ Reform UK Party,
Rebecca Waters,Rubery & Rednal,Reform UK,https://www.birmingham.gov.uk/councillors/138/rebecca_waters,138,2026-05-15,,2030,,,,True,Rubery & Rednal Ward @ Reform UK Party,
Sarah Willetts,Perry Common,Reform UK,https://www.birmingham.gov.uk/councillors/184/sarah_willetts,184,2026-05-15,,2030,,,,True,Perry Common Ward @ Reform UK Party,
Ken Wood,Sutton Walmley & Minworth,Conservative,https://www.birmingham.gov.uk/councillors/119/ken_wood,119,2026-05-15,1 May 2008,2030,"May 2008 to May 2012, May 2014 to date",,,True,Sutton Walmley & Minworth Ward @ Conservative Party,https://www.birmingham.gov.uk/downloads/file/3667/councillor_ken_wood
Alex Yip,Sutton Wylde Green,Conservative,https://www.birmingham.gov.uk/councillors/120/alex_yip,120,2026-05-11,8 May 2015,2030,May 2015 to date,,,True,Sutton Wylde Green Ward @ Conservative Party,https://www.birmingham.gov.uk/downloads/file/3668/councillor_alex_yip
Sarina Younas,North Edgbaston,Labour,https://www.birmingham.gov.uk/councillors/110/sarina_younas,110,2026-05-15,8 May 2026,2030,8 May 2026 to date,,,True,North Edgbaston Ward @ Labour Party,
