person_id,person_name,first_seen_ward,source_url
5d2f0c14a4be48d1,Aathouli-Singh PG,Handsworth Wood Ward,https://www.birmingham.gov.uk/info/50381/past_election_results/1685/local_government_election_results_may_2018/3
686db484f66820b4,Abedin Md Joynal,Sparkbrook and Balsall Heath East Ward,https://www.birmingham.gov.uk/info/50381/past_election_results/1685/local_government_election_results_may_2018/6
34243f456ed7a1b3,"Abu, Nowshed",Sparkbrook and Balsall Heath East Ward,https://www.birmingham.gov.uk/info/50381/past_election_results/1685/local_government_election_results_may_2018/6
3f449d7ad171322a,Afzal Muhammad,Aston Ward,https://www.birmingham.gov.uk/info/50381/past_election_results/1685/local_government_election_results_may_2018
c769cca8ae1d1f2d,Ahmed Foysol,Holyhead Ward,https://www.birmingham.gov.uk/info/50381/past_election_results/1685/local_government_election_results_may_2018/3
6133a596f3c3fe31,Ahmed Mujakkir,Holyhead Ward,https://www.birmingham.gov.uk/info/50381/past_election_results/1685/local_government_election_results_may_2018/3
05b09e7afa3a1d00,Ahmed Shaaky,Small Heath Ward,https://www.birmingham.gov.uk/info/50381/past_election_results/1685/local_government_election_results_may_2018/6
02bb1b586a26367c,Ahmed Sultan,Newtown Ward,https://www.birmingham.gov.uk/info/50381/past_election_results/1685/local_government_election_results_may_2018/4
2708117e78764bf1,"Ahmed, Akhlaq",Hall Green North Ward,https://www.birmingham.gov.uk/info/50381/past_election_results/1685/local_government_election_results_may_2018/3
8c1fed6516f53982,"Aikhlaq, Mohammed",Ward End Ward,https://www.birmingham.gov.uk/info/50381/past_election_results/1685/local_government_election_results_may_2018/7
56b88dbbe6964d31,Aitken Alex,Kings Norton Ward,https://www.birmingham.gov.uk/info/50381/past_election_results/1685/local_government_election_results_may_2018/3
0c74f9427458b86b,Akhtar Pervez,Small Heath Ward,https://www.birmingham.gov.uk/info/50381/past_election_results/1685/local_government_election_results_may_2018/6
982a990bf3083a78,Akhtar Safia Alif Noor,Small Heath Ward,https://www.birmingham.gov.uk/info/50381/past_election_results/1685/local_government_election_results_may_2018/6
5662586b61bc5832,Alden John Edward Cambray,Shard End Ward,https://www.birmingham.gov.uk/info/50381/past_election_results/1685/local_government_election_results_may_2018/6
a433c9cd7bd1499a,Alden Robert James Cambray,Erdington Ward,https://www.birmingham.gov.uk/info/50381/past_election_results/1685/local_government_election_results_may_2018/2
a3beeb3c6a10648a,Alex Yip,Sutton Wylde Green Ward,https://www.birmingham.gov.uk/info/50381/past_election_results/1685/local_government_election_results_may_2018/6
d11bc87b7ab61509,Ali Mothin,Yardley West and Stechford Ward,https://www.birmingham.gov.uk/info/50381/past_election_results/1685/local_government_election_results_may_2018/7
2b265f7abe27bd10,Ali Nazabit,Ward End Ward,https://www.birmingham.gov.uk/info/50381/past_election_results/1685/local_government_election_results_may_2018/7
c220218df4233c7e,Ali Rizwan,Handsworth Wood Ward,https://www.birmingham.gov.uk/info/50381/past_election_results/1685/local_government_election_results_may_2018/3
46a9c8cea4ae1f92,Ali Suhel,Sheldon Ward,https://www.birmingham.gov.uk/info/50381/past_election_results/1685/local_government_election_results_may_2018/6
db5e17fb3c0d46a2,Ali Syed Jamshed,Tyseley and Hay Mills Ward,https://www.birmingham.gov.uk/info/50381/past_election_results/1685/local_government_election_results_may_2018/7
a5a35ec20ff9a86b,Ali Tahir,Nechells Ward,https://www.birmingham.gov.uk/info/50381/past_election_results/1685/local_government_election_results_may_2018/4
87bdc834130099cb,Ali Wajad,Acocks Green Ward,https://www.birmingham.gov.uk/info/50381/past_election_results/1685/local_government_election_results_may_2018
13a624e0c17f7d91,"Allsop, Stephen Richard",Perry Common Ward,https://www.birmingham.gov.uk/info/50381/past_election_results/1685/local_government_election_results_may_2018/5
44e183309726be95,Andrews Mark David,Shard End Ward,https://www.birmingham.gov.uk/info/50381/past_election_results/1685/local_government_election_results_may_2018/6
4eb1cb09e7eb1585,Armstrong Olly,Northfield Ward,https://www.birmingham.gov.uk/info/50381/past_election_results/1685/local_government_election_results_may_2018/4
af7f13b0dd9a6923,Assheton Janet,Heartlands Ward,https://www.birmingham.gov.uk/info/50381/past_election_results/1685/local_government_election_results_may_2018/3
7a21854756e71e6c,Atwal Gurdial Singh,Handsworth Wood Ward,https://www.birmingham.gov.uk/info/50381/past_election_results/1685/local_government_election_results_may_2018/3
f7be5491f25dc8fc,"Auton, Ben",Sutton Walmley and Minworth Ward,https://www.birmingham.gov.uk/info/50381/past_election_results/1685/local_government_election_results_may_2018/6
d08ebf5893ad03d9,Axford Susan,South Yardley Ward,https://www.birmingham.gov.uk/info/50381/past_election_results/1685/local_government_election_results_may_2018/6
69742611131a7fec,Azim Mohammed,Sparkbrook and Balsall Heath East Ward,https://www.birmingham.gov.uk/info/50381/past_election_results/1685/local_government_election_results_may_2018/6
4dfd250770731f8f,Aziz Abdul,Aston Ward,https://www.birmingham.gov.uk/info/50381/past_election_results/1685/local_government_election_results_may_2018
761ddcccf898c5d4,Baber Baz,Yardley West and Stechford Ward,https://www.birmingham.gov.uk/info/50381/past_election_results/1685/local_government_election_results_may_2018/7
6711b70b9f075c6c,Baker Amanda Caroline,Acocks Green Ward,https://www.birmingham.gov.uk/info/50381/past_election_results/1685/local_government_election_results_may_2018
5c1bfec3734ba0b6,Ball Robert,Rubery and Rednal Ward,https://www.birmingham.gov.uk/info/50381/past_election_results/1685/local_government_election_results_may_2018/5
8e4ba3e35e608b8d,"Banting, Philip Andrew",Stirchley Ward,https://www.birmingham.gov.uk/info/50381/past_election_results/1685/local_government_election_results_may_2018/6
bf5db5206a393933,"Barber, Christopher Francis",Shard End Ward,https://www.birmingham.gov.uk/info/50381/past_election_results/1685/local_government_election_results_may_2018/6
3a48081de295bc2e,"Barley, Roger",Sutton Four Oaks Ward,https://www.birmingham.gov.uk/info/50381/past_election_results/1685/local_government_election_results_may_2018/6
b37e9dd005007858,Barrie David Stuart,Sutton Walmley and Minworth Ward,https://www.birmingham.gov.uk/info/50381/past_election_results/1685/local_government_election_results_may_2018/6
4cb24530d066b829,Beauchamp Bob,Perry Common Ward,https://www.birmingham.gov.uk/info/50381/past_election_results/1685/local_government_election_results_may_2018/5
8dd86ab2bbdb8264,Beck Peter Charles,Allens Cross Ward,https://www.birmingham.gov.uk/info/50381/past_election_results/1685/local_government_election_results_may_2018
9657547e2df4d589,Bedser Steve,Allens Cross Ward,https://www.birmingham.gov.uk/info/50381/past_election_results/1685/local_government_election_results_may_2018
29352f76dfc9f071,Bellavia Gino,North Edgbaston Ward,https://www.birmingham.gov.uk/info/50381/past_election_results/1685/local_government_election_results_may_2018/4
fe57d2cee50421a9,Bennett Margaret Sandra,Aston Ward,https://www.birmingham.gov.uk/info/50381/past_election_results/1685/local_government_election_results_may_2018
a4e7c825d35ada1b,Bentley John,Pype Hayes Ward,https://www.birmingham.gov.uk/info/50381/past_election_results/1685/local_government_election_results_may_2018/5
ee5ec4d691b17863,Billah Rezaul,Birchfield Ward,https://www.birmingham.gov.uk/info/50381/past_election_results/1685/local_government_election_results_may_2018
960dd3b2f6d35bfa,Bolton James,Quinton Ward,https://www.birmingham.gov.uk/info/50381/past_election_results/1685/local_government_election_results_may_2018/5
8f2be1480966da78,Booth Kate,Quinton Ward,https://www.birmingham.gov.uk/info/50381/past_election_results/1685/local_government_election_results_may_2018/5
3209833fcef538ee,Bore Albert,Ladywood Ward,https://www.birmingham.gov.uk/info/50381/past_election_results/1685/local_government_election_results_may_2018/4
388955b15a506fc6,Bowles Barry,Highters Heath Ward,https://www.birmingham.gov.uk/info/50381/past_election_results/1685/local_government_election_results_may_2018/3
65067f78a2be3d2e,Brew Randal Anthony Maddock,Northfield Ward,https://www.birmingham.gov.uk/info/50381/past_election_results/1685/local_government_election_results_may_2018/4
828f3ec20973105d,"Bridle, Marje",Glebe Farm and Tile Cross Ward,https://www.birmingham.gov.uk/info/50381/past_election_results/1685/local_government_election_results_may_2018/2
6a2243f5421d570f,Brindley Ian,Sutton Mere Green Ward,https://www.birmingham.gov.uk/info/50381/past_election_results/1685/local_government_election_results_may_2018/6
5a8dcb8bc7afc7ed,Brittain Ben Ashley,Druids Heath and Monyhull Ward,https://www.birmingham.gov.uk/info/50381/past_election_results/1685/local_government_election_results_may_2018/2
874bd90b9aef0aea,Brookes-Bland,Alum Rock Ward,https://www.birmingham.gov.uk/info/50381/past_election_results/1685/local_government_election_results_may_2018
2ab41682745b0b2f,Burgess Chris,Brandwood and Kings Heath Ward,https://www.birmingham.gov.uk/info/50381/past_election_results/1685/local_government_election_results_may_2018
825cf1a1ad9dac74,Cairns Janet,Sutton Vesey Ward,https://www.birmingham.gov.uk/info/50381/past_election_results/1685/local_government_election_results_may_2018/6
fb01e9eb18b4e219,Calcutt Jake,Bournbrook and Selly Park Ward,https://www.birmingham.gov.uk/info/50381/past_election_results/1685/local_government_election_results_may_2018
4d1697a9e2cc939c,Caldecott Edwin Luke Charles,Yardley East Ward,https://www.birmingham.gov.uk/info/50381/past_election_results/1685/local_government_election_results_may_2018/7
ecaa036d5a220c40,Cartwright Andrew,Frankley Great Park Ward,https://www.birmingham.gov.uk/info/50381/past_election_results/1685/local_government_election_results_may_2018/2
7c90b8902e044071,Challenor Zoe,Sutton Wylde Green Ward,https://www.birmingham.gov.uk/info/50381/past_election_results/1685/local_government_election_results_may_2018/6
9e800954d0211a8e,Chamberlain Daniel Murray,Edgbaston Ward,https://www.birmingham.gov.uk/info/50381/past_election_results/1685/local_government_election_results_may_2018/2
b3b5998f3aa8c7a6,Chandler Georgina,Quinton Ward,https://www.birmingham.gov.uk/info/50381/past_election_results/1685/local_government_election_results_may_2018/5
209d84193bed00e3,Chatfield Tristan John Freeston,Weoley and Selly Oak Ward,https://www.birmingham.gov.uk/info/50381/past_election_results/1685/local_government_election_results_may_2018/7
64708fe777e3e8cf,Choudhry Zaker Ullah,South Yardley Ward,https://www.birmingham.gov.uk/info/50381/past_election_results/1685/local_government_election_results_may_2018/6
5fd65531d753ffb3,"Choudhry, Tanveer",Sparkhill Ward,https://www.birmingham.gov.uk/info/50381/past_election_results/1685/local_government_election_results_may_2018/6
65e0fbf328afac45,Choudhury Jahid Ahmed,Aston Ward,https://www.birmingham.gov.uk/info/50381/past_election_results/1685/local_government_election_results_may_2018
c8eafd1f8d32747b,Choudhury Janatul Thamanna,Soho and Jewellery Quarter Ward,https://www.birmingham.gov.uk/info/50381/past_election_results/1685/local_government_election_results_may_2018/6
691e65d87820ea9c,Chumber Ravi,Handsworth Wood Ward,https://www.birmingham.gov.uk/info/50381/past_election_results/1685/local_government_election_results_may_2018/3
5b1117729220b432,Clancy Debbie,Longbridge and West Heath Ward,https://www.birmingham.gov.uk/info/50381/past_election_results/1685/local_government_election_results_may_2018/4
dcaf3e88c96d6be8,Clancy John Michael,Quinton Ward,https://www.birmingham.gov.uk/info/50381/past_election_results/1685/local_government_election_results_may_2018/5
e7e8f304a95fff9b,Clawley Alan,Bordesley Green Ward,https://www.birmingham.gov.uk/info/50381/past_election_results/1685/local_government_election_results_may_2018
65a962b554fdad8e,Clawley Hazel Marjorie,Small Heath Ward,https://www.birmingham.gov.uk/info/50381/past_election_results/1685/local_government_election_results_may_2018/6
a7e4b01ed45173c0,Clayton Paul,Glebe Farm and Tile Cross Ward,https://www.birmingham.gov.uk/info/50381/past_election_results/1685/local_government_election_results_may_2018/2
5ccfbe8e025e9069,Clements Liz,Bournville Ward,https://www.birmingham.gov.uk/info/50381/past_election_results/1685/local_government_election_results_may_2018
a562d3f77ab2c8bc,Clinton Lynda,Castle Vale Ward,https://www.birmingham.gov.uk/info/50381/past_election_results/1685/local_government_election_results_may_2018/2
ee251508b5c08ef3,Coffey Janet May,Perry Barr Ward,https://www.birmingham.gov.uk/info/50381/past_election_results/1685/local_government_election_results_may_2018/5
3b285f18ec903223,Coffey Tom,Oscott Ward,https://www.birmingham.gov.uk/info/50381/past_election_results/1685/local_government_election_results_may_2018/4
0bc0b5b6b8b2b070,Collins Bob,Sheldon Ward,https://www.birmingham.gov.uk/info/50381/past_election_results/1685/local_government_election_results_may_2018/6
70028b3208a462d6,Collins Rebecca,Erdington Ward,https://www.birmingham.gov.uk/info/50381/past_election_results/1685/local_government_election_results_may_2018/2
8d25586a2959be41,Conn Simon Elliot,Garretts Green Ward,https://www.birmingham.gov.uk/info/50381/past_election_results/1685/local_government_election_results_may_2018/2
922ea744268dabb3,"Cooke, David",Sutton Walmley and Minworth Ward,https://www.birmingham.gov.uk/info/50381/past_election_results/1685/local_government_election_results_may_2018/6
189084bebee3a0d8,Cornish Maureen,Sutton Four Oaks Ward,https://www.birmingham.gov.uk/info/50381/past_election_results/1685/local_government_election_results_may_2018/6
1e32f51ede468a15,Corrigan Carmel,Longbridge and West Heath Ward,https://www.birmingham.gov.uk/info/50381/past_election_results/1685/local_government_election_results_may_2018/4
e7b795712fac9260,Cotterill Stewart James,Sutton Reddicap Ward,https://www.birmingham.gov.uk/info/50381/past_election_results/1685/local_government_election_results_may_2018/6
0be2b4efe91b0242,"Cotterill, Timothy James",Sutton Reddicap Ward,https://www.birmingham.gov.uk/info/50381/past_election_results/1685/local_government_election_results_may_2018/6
e58baedc3ea586ca,"Cotton, John",Glebe Farm and Tile Cross Ward,https://www.birmingham.gov.uk/info/50381/past_election_results/1685/local_government_election_results_may_2018/2
2c74a5a82f376800,Courage Gareth,Hall Green North Ward,https://www.birmingham.gov.uk/info/50381/past_election_results/1685/local_government_election_results_may_2018/3
3d5e017c2d6fc411,Cox Emily Rohaise,Druids Heath and Monyhull Ward,https://www.birmingham.gov.uk/info/50381/past_election_results/1685/local_government_election_results_may_2018/2
e664620a1d1689ba,Cox Patrick,Brandwood and Kings Heath Ward,https://www.birmingham.gov.uk/info/50381/past_election_results/1685/local_government_election_results_may_2018
914b9d4e175349b9,Coxall Katy,Sutton Walmley and Minworth Ward,https://www.birmingham.gov.uk/info/50381/past_election_results/1685/local_government_election_results_may_2018/6
88539a497902ac41,Cremer Katherine,Brandwood and Kings Heath Ward,https://www.birmingham.gov.uk/info/50381/past_election_results/1685/local_government_election_results_may_2018
47e139434522b339,Dad Basharat,Yardley West and Stechford Ward,https://www.birmingham.gov.uk/info/50381/past_election_results/1685/local_government_election_results_may_2018/7
26c00f00a58d37c3,Dargue Lee James,Ladywood Ward,https://www.birmingham.gov.uk/info/50381/past_election_results/1685/local_government_election_results_may_2018/4
d42709ea64998f9c,David Pears,Sutton Trinity Ward,https://www.birmingham.gov.uk/info/50381/past_election_results/1685/local_government_election_results_may_2018/6
a3bb997e3748dc6f,Davis Phil,Billesley Ward,https://www.birmingham.gov.uk/info/50381/past_election_results/1685/local_government_election_results_may_2018
0dcb543c3f319b7d,Deirdre Alden,Edgbaston Ward,https://www.birmingham.gov.uk/info/50381/past_election_results/1685/local_government_election_results_may_2018/2
51caa964faf3ac50,"Delaney, Adrian Joseph",Rubery and Rednal Ward,https://www.birmingham.gov.uk/info/50381/past_election_results/1685/local_government_election_results_may_2018/5
b24dcd3aaa9c239a,Dennis Kefentse,Soho and Jewellery Quarter Ward,https://www.birmingham.gov.uk/info/50381/past_election_results/1685/local_government_election_results_may_2018/6
d33c39b3b4851240,Diane Donaldson,Bromford and Hodge Hill Ward,https://www.birmingham.gov.uk/info/50381/past_election_results/1685/local_government_election_results_may_2018
f4915666da033e1f,Douglas Kingsley Seymour,Handsworth Ward,https://www.birmingham.gov.uk/info/50381/past_election_results/1685/local_government_election_results_may_2018/3
8651a0d08230797e,Douglas Osborn Peter Ernest,Bournville Ward,https://www.birmingham.gov.uk/info/50381/past_election_results/1685/local_government_election_results_may_2018
fe50e6e3e32bfc6e,"Dring, Barbara",Oscott Ward,https://www.birmingham.gov.uk/info/50381/past_election_results/1685/local_government_election_results_may_2018/4
8f825d3a01a28879,Duffy Hubert Joseph,Longbridge and West Heath Ward,https://www.birmingham.gov.uk/info/50381/past_election_results/1685/local_government_election_results_may_2018/4
102f733614311601,Eddie Freeman,Allens Cross Ward,https://www.birmingham.gov.uk/info/50381/past_election_results/1685/local_government_election_results_may_2018
2c4670367cda072a,Eustace Neil Anthony,Yardley East Ward,https://www.birmingham.gov.uk/info/50381/past_election_results/1685/local_government_election_results_may_2018/7
3913f7301f66bac8,"Evans, Jerry",Hall Green South Ward,https://www.birmingham.gov.uk/info/50381/past_election_results/1685/local_government_election_results_may_2018/3
0d1d3eac08252ce6,Eyles Harry,Oscott Ward,https://www.birmingham.gov.uk/info/50381/past_election_results/1685/local_government_election_results_may_2018/4
fdff633abc70bf36,Fairclough Eric Wyn,Handsworth Wood Ward,https://www.birmingham.gov.uk/info/50381/past_election_results/1685/local_government_election_results_may_2018/3
8e6a77a8ca4aee5d,Farrow David Arthur,Moseley Ward,https://www.birmingham.gov.uk/info/50381/past_election_results/1685/local_government_election_results_may_2018/4
f4991248187d8eb5,Fazal Mohammed,Sparkhill Ward,https://www.birmingham.gov.uk/info/50381/past_election_results/1685/local_government_election_results_may_2018/6
4cf8506e3947c530,Fazel Ali,Balsall Heath West Ward,https://www.birmingham.gov.uk/info/50381/past_election_results/1685/local_government_election_results_may_2018
693fdd0bc1b4876a,Fielden Claire Alexandra,Allens Cross Ward,https://www.birmingham.gov.uk/info/50381/past_election_results/1685/local_government_election_results_may_2018
4d1b1078b92a230e,Finnegan Paul,Sutton Walmley and Minworth Ward,https://www.birmingham.gov.uk/info/50381/past_election_results/1685/local_government_election_results_may_2018/6
33e916b3b8972266,Flood Des,Weoley and Selly Oak Ward,https://www.birmingham.gov.uk/info/50381/past_election_results/1685/local_government_election_results_may_2018/7
879f28dd240212e7,Flynn Eamonn Kevin,Acocks Green Ward,https://www.birmingham.gov.uk/info/50381/past_election_results/1685/local_government_election_results_may_2018
d17fd25d4540d0fa,Fowler Peter John,Harborne Ward,https://www.birmingham.gov.uk/info/50381/past_election_results/1685/local_government_election_results_may_2018/3
5ac91d822b1e1d1b,Francis Jayne,Harborne Ward,https://www.birmingham.gov.uk/info/50381/past_election_results/1685/local_government_election_results_may_2018/3
ddc9a8ecd59385f0,Franks Gordon John,Brandwood and Kings Heath Ward,https://www.birmingham.gov.uk/info/50381/past_election_results/1685/local_government_election_results_may_2018
055757fce0314dac,French Peter Robert,Sutton Trinity Ward,https://www.birmingham.gov.uk/info/50381/past_election_results/1685/local_government_election_results_may_2018/6
d97beb4f20ec6ac7,Fullylove Andrew James,Oscott Ward,https://www.birmingham.gov.uk/info/50381/past_election_results/1685/local_government_election_results_may_2018/4
64ed5faa73aae6b1,Garghan Christopher,South Yardley Ward,https://www.birmingham.gov.uk/info/50381/past_election_results/1685/local_government_election_results_may_2018/6
9947c48430c9d55d,Garrett Julia Franceska,Quinton Ward,https://www.birmingham.gov.uk/info/50381/past_election_results/1685/local_government_election_results_may_2018/5
639ed5c3352010e5,"Garrett, Ian Anthony George",Harborne Ward,https://www.birmingham.gov.uk/info/50381/past_election_results/1685/local_government_election_results_may_2018/3
e9257652a3078537,Garrington James Austin,Sutton Walmley and Minworth Ward,https://www.birmingham.gov.uk/info/50381/past_election_results/1685/local_government_election_results_may_2018/6
8777ac06e9ff2118,Gasson Rosemary Elisabeth,Glebe Farm and Tile Cross Ward,https://www.birmingham.gov.uk/info/50381/past_election_results/1685/local_government_election_results_may_2018/2
0446202d1d70e0b8,Gaussen David,Billesley Ward,https://www.birmingham.gov.uk/info/50381/past_election_results/1685/local_government_election_results_may_2018
eaf6c4db95c691d2,Gibson Matthew James,Sutton Vesey Ward,https://www.birmingham.gov.uk/info/50381/past_election_results/1685/local_government_election_results_may_2018/6
37d0bc5665690e15,Gillan Angus Fraser,Bournbrook and Selly Park Ward,https://www.birmingham.gov.uk/info/50381/past_election_results/1685/local_government_election_results_may_2018
51bee26e2d3019b1,Gilliam Rob,Brandwood and Kings Heath Ward,https://www.birmingham.gov.uk/info/50381/past_election_results/1685/local_government_election_results_may_2018
e1a34292eb46b02a,Grant Ulla,Hall Green South Ward,https://www.birmingham.gov.uk/info/50381/past_election_results/1685/local_government_election_results_may_2018/3
47d6d1fff4c3fe1f,"Grant, Robert Andrew",Billesley Ward,https://www.birmingham.gov.uk/info/50381/past_election_results/1685/local_government_election_results_may_2018
f834b2a1ba61e4f6,Greaves Will,Sutton Roughley Ward,https://www.birmingham.gov.uk/info/50381/past_election_results/1685/local_government_election_results_may_2018/6
a18b4a6a3b7b7637,Green Susan,Handsworth Ward,https://www.birmingham.gov.uk/info/50381/past_election_results/1685/local_government_election_results_may_2018/3
7eedbb9bac89af67,"Green, Colin Francis",Harborne Ward,https://www.birmingham.gov.uk/info/50381/past_election_results/1685/local_government_election_results_may_2018/3
c9bc02bc4c85ac9a,Griffiths Carole Lesley,Rubery and Rednal Ward,https://www.birmingham.gov.uk/info/50381/past_election_results/1685/local_government_election_results_may_2018/5
add24d8760d39beb,Griffiths Peter,Kings Norton South Ward,https://www.birmingham.gov.uk/info/50381/past_election_results/1685/local_government_election_results_may_2018/3
d7b678b344afd3f3,Grindrod Fred,Bournville Ward,https://www.birmingham.gov.uk/info/50381/past_election_results/1685/local_government_election_results_may_2018
d0ca44ba6fa31be0,"Guest, Martin John",Balsall Heath West Ward,https://www.birmingham.gov.uk/info/50381/past_election_results/1685/local_government_election_results_may_2018
64fac60cc770465b,Hamblin Joseph David John,Ward End Ward,https://www.birmingham.gov.uk/info/50381/past_election_results/1685/local_government_election_results_may_2018/7
ad90fd32ca4b9170,Hamilton Paulette Adassa,Holyhead Ward,https://www.birmingham.gov.uk/info/50381/past_election_results/1685/local_government_election_results_may_2018/3
c84815032bb293c4,"Hammond, Claire Marie",Bournville Ward,https://www.birmingham.gov.uk/info/50381/past_election_results/1685/local_government_election_results_may_2018
96c6ff1a19872d50,"Hanif, Mohammed",Perry Barr Ward,https://www.birmingham.gov.uk/info/50381/past_election_results/1685/local_government_election_results_may_2018/5
d3be8051cd22b969,Hannon Kevin Francis,Rubery and Rednal Ward,https://www.birmingham.gov.uk/info/50381/past_election_results/1685/local_government_election_results_may_2018/5
00b6b3c5e5997a14,"Hardie, Andrew David",Weoley and Selly Oak Ward,https://www.birmingham.gov.uk/info/50381/past_election_results/1685/local_government_election_results_may_2018/7
b2ff0757fa8d6514,"Hardie, Monica Catherine",Bournbrook and Selly Park Ward,https://www.birmingham.gov.uk/info/50381/past_election_results/1685/local_government_election_results_may_2018
b46405a9c69a0ac9,Hardy Gareth Andrew,Soho and Jewellery Quarter Ward,https://www.birmingham.gov.uk/info/50381/past_election_results/1685/local_government_election_results_may_2018/6
3ba220d750afdd5c,Harmer Joseph Benjamin,Stockland Green Ward,https://www.birmingham.gov.uk/info/50381/past_election_results/1685/local_government_election_results_may_2018/6
1cf7a09f1777f9a9,Harmer Roger Kingdon,Acocks Green Ward,https://www.birmingham.gov.uk/info/50381/past_election_results/1685/local_government_election_results_may_2018
7582c9b250bd3209,Harrison Kevin,Sheldon Ward,https://www.birmingham.gov.uk/info/50381/past_election_results/1685/local_government_election_results_may_2018/6
e1145a465b1c9215,Harrison Michael John,Shard End Ward,https://www.birmingham.gov.uk/info/50381/past_election_results/1685/local_government_election_results_may_2018/6
83c04565739c5cc7,Hart Nick,Weoley and Selly Oak Ward,https://www.birmingham.gov.uk/info/50381/past_election_results/1685/local_government_election_results_may_2018/7
caabb0b4d1e819e1,Hartley Kath,Ladywood Ward,https://www.birmingham.gov.uk/info/50381/past_election_results/1685/local_government_election_results_may_2018/4
fde46f01873a6239,Harvey Bob,Hall Green North Ward,https://www.birmingham.gov.uk/info/50381/past_election_results/1685/local_government_election_results_may_2018/3
3211dd877d09b759,Higgs Adam Andrew,Highters Heath Ward,https://www.birmingham.gov.uk/info/50381/past_election_results/1685/local_government_election_results_may_2018/3
f36bf7c649c3dd73,Hilton Edward Patrick,North Edgbaston Ward,https://www.birmingham.gov.uk/info/50381/past_election_results/1685/local_government_election_results_may_2018/4
e685ca5686d48925,Hodivala Charlotte,Sutton Reddicap Ward,https://www.birmingham.gov.uk/info/50381/past_election_results/1685/local_government_election_results_may_2018/6
094a0f44c50ee292,Holbrook Penny,Stockland Green Ward,https://www.birmingham.gov.uk/info/50381/past_election_results/1685/local_government_election_results_may_2018/6
2def351e40099944,Holtom Ann,Pype Hayes Ward,https://www.birmingham.gov.uk/info/50381/past_election_results/1685/local_government_election_results_may_2018/5
5a0c66c962221b24,Holtom Trevor,Castle Vale Ward,https://www.birmingham.gov.uk/info/50381/past_election_results/1685/local_government_election_results_may_2018/2
b329febe2e3ef76a,Hood Jonathan Paul,North Edgbaston Ward,https://www.birmingham.gov.uk/info/50381/past_election_results/1685/local_government_election_results_may_2018/4
0b5f30c049daa6b8,Hooper Vic,Erdington Ward,https://www.birmingham.gov.uk/info/50381/past_election_results/1685/local_government_election_results_may_2018/2
3c27554558aa51fd,"Hughes, Des",Kingstanding Ward,https://www.birmingham.gov.uk/info/50381/past_election_results/1685/local_government_election_results_may_2018/3
8b5abd993f6a5c41,Hunt Jon,Perry Barr Ward,https://www.birmingham.gov.uk/info/50381/past_election_results/1685/local_government_election_results_may_2018/5
a451d9e3635b015a,Hunt Marcia,Oscott Ward,https://www.birmingham.gov.uk/info/50381/past_election_results/1685/local_government_election_results_may_2018/4
bf35309592fe9f7b,Hunt Tom,Erdington Ward,https://www.birmingham.gov.uk/info/50381/past_election_results/1685/local_government_election_results_may_2018/2
703e132ad9ea2923,Hussain Aftab,Heartlands Ward,https://www.birmingham.gov.uk/info/50381/past_election_results/1685/local_government_election_results_may_2018/3
8ea6dfca9efc824f,Hussain Mahmood,Birchfield Ward,https://www.birmingham.gov.uk/info/50381/past_election_results/1685/local_government_election_results_may_2018
25b51e03b01623b2,Hussain Moshud Sadek,Lozells Ward,https://www.birmingham.gov.uk/info/50381/past_election_results/1685/local_government_election_results_may_2018/4
cfcea7e8564deada,Hussain Tukeer,Hall Green North Ward,https://www.birmingham.gov.uk/info/50381/past_election_results/1685/local_government_election_results_may_2018/3
bb653d125745a51a,Hussain Wajid,Ward End Ward,https://www.birmingham.gov.uk/info/50381/past_election_results/1685/local_government_election_results_may_2018/7
b84732bf5092bfe1,"Hussain, Shabrana",Sparkbrook and Balsall Heath East Ward,https://www.birmingham.gov.uk/info/50381/past_election_results/1685/local_government_election_results_may_2018/6
63ded36ceb9e9fa7,"Hussain, Tassawar",Sparkhill Ward,https://www.birmingham.gov.uk/info/50381/past_election_results/1685/local_government_election_results_may_2018/6
9488d43672b3fc34,Huxley Tom,Billesley Ward,https://www.birmingham.gov.uk/info/50381/past_election_results/1685/local_government_election_results_may_2018
717d1c5fc33e42d7,"Huxtable, Tim",Hall Green South Ward,https://www.birmingham.gov.uk/info/50381/past_election_results/1685/local_government_election_results_may_2018/3
af727a896275d356,Ibrahem Sammi,Balsall Heath West Ward,https://www.birmingham.gov.uk/info/50381/past_election_results/1685/local_government_election_results_may_2018
4f8039f4354d0a85,"Idrees, Mohammed",Alum Rock Ward,https://www.birmingham.gov.uk/info/50381/past_election_results/1685/local_government_election_results_may_2018
d5cfd3e7d44e2f37,Iliff Daniel James,Bordesley and Highgate Ward,https://www.birmingham.gov.uk/info/50381/past_election_results/1685/local_government_election_results_may_2018
72a18bb7f2841e71,Iqbal Shazad,Nechells Ward,https://www.birmingham.gov.uk/info/50381/past_election_results/1685/local_government_election_results_may_2018/4
e89ae4da88da15fd,"Iqbal, Zafar",Tyseley and Hay Mills Ward,https://www.birmingham.gov.uk/info/50381/past_election_results/1685/local_government_election_results_may_2018/7
1e3f967cd3416cf5,Islam Mohammed Kaisarul,Soho and Jewellery Quarter Ward,https://www.birmingham.gov.uk/info/50381/past_election_results/1685/local_government_election_results_may_2018/6
fa5ddba70bf0f486,"Islam, Ziaul",Newtown Ward,https://www.birmingham.gov.uk/info/50381/past_election_results/1685/local_government_election_results_may_2018/4
256b83a673b841f4,Issa Islam Ahmed,Balsall Heath West Ward,https://www.birmingham.gov.uk/info/50381/past_election_results/1685/local_government_election_results_may_2018
2483dec1a1aa831a,"Jaddoo, Desmond Gustavus",Newtown Ward,https://www.birmingham.gov.uk/info/50381/past_election_results/1685/local_government_election_results_may_2018/4
3898a3816eb5a6c3,James Jane,Billesley Ward,https://www.birmingham.gov.uk/info/50381/past_election_results/1685/local_government_election_results_may_2018
7acab9ae086f7ac4,Jenkins Kerry Shaunna,Moseley Ward,https://www.birmingham.gov.uk/info/50381/past_election_results/1685/local_government_election_results_may_2018/4
c7fc46e38149c515,Jenkins Rachel Mary,Handsworth Wood Ward,https://www.birmingham.gov.uk/info/50381/past_election_results/1685/local_government_election_results_may_2018/3
c0c0f54c047af5ca,Jenkins Tom,Bordesley and Highgate Ward,https://www.birmingham.gov.uk/info/50381/past_election_results/1685/local_government_election_results_may_2018
3d4384c0cda2f59c,Jerome Gerard,Frankley Great Park Ward,https://www.birmingham.gov.uk/info/50381/past_election_results/1685/local_government_election_results_may_2018/2
4f8d2cbeb00000fa,Jerome Kirsty Anne,Highters Heath Ward,https://www.birmingham.gov.uk/info/50381/past_election_results/1685/local_government_election_results_may_2018/3
87cd5f729c20ad18,Jevon Simon David Alan,Kings Norton Ward,https://www.birmingham.gov.uk/info/50381/past_election_results/1685/local_government_election_results_may_2018/3
897aaa742f140622,Johnson Julie,Weoley and Selly Oak Ward,https://www.birmingham.gov.uk/info/50381/past_election_results/1685/local_government_election_results_may_2018/7
c68efa3f1e080b2e,Johnson Terry,Sutton Wylde Green Ward,https://www.birmingham.gov.uk/info/50381/past_election_results/1685/local_government_election_results_may_2018/6
5b2edf2638a4b9fe,Jolliffe Nicholas Mabin,Handsworth Wood Ward,https://www.birmingham.gov.uk/info/50381/past_election_results/1685/local_government_election_results_may_2018/3
5b4982d865bbba2e,Jones Brigid,Bournbrook and Selly Park Ward,https://www.birmingham.gov.uk/info/50381/past_election_results/1685/local_government_election_results_may_2018
15ef9c4d37f87364,Jones Carol,Garretts Green Ward,https://www.birmingham.gov.uk/info/50381/past_election_results/1685/local_government_election_results_may_2018/2
42cfc518edb3117c,Jones Jane,Kingstanding Ward,https://www.birmingham.gov.uk/info/50381/past_election_results/1685/local_government_election_results_may_2018/3
14eddb4aa3cf0a67,Jones Josh,Stockland Green Ward,https://www.birmingham.gov.uk/info/50381/past_election_results/1685/local_government_election_results_may_2018/6
fe5fda58b18c2e93,Jones Robert,Ladywood Ward,https://www.birmingham.gov.uk/info/50381/past_election_results/1685/local_government_election_results_may_2018/4
ef1dae00a2b407d9,Julien Pritchard,Druids Heath and Monyhull Ward,https://www.birmingham.gov.uk/info/50381/past_election_results/1685/local_government_election_results_may_2018/2
f560d217ef676dc3,Kaur Sukhi,Perry Barr Ward,https://www.birmingham.gov.uk/info/50381/past_election_results/1685/local_government_election_results_may_2018/5
d5fa29fb1a267444,Kauser Nagina,Aston Ward,https://www.birmingham.gov.uk/info/50381/past_election_results/1685/local_government_election_results_may_2018
631907493c5cfcc3,Kaya Julie,Brandwood and Kings Heath Ward,https://www.birmingham.gov.uk/info/50381/past_election_results/1685/local_government_election_results_may_2018
5ff72d811f4c5a4b,Kayani Mohammad Shahnawaz,Stockland Green Ward,https://www.birmingham.gov.uk/info/50381/past_election_results/1685/local_government_election_results_may_2018/6
fecc48b84224e02c,Ken Wood,Sutton Walmley and Minworth Ward,https://www.birmingham.gov.uk/info/50381/past_election_results/1685/local_government_election_results_may_2018/6
4514641fd8f53f88,Khalid Mohammed,Sutton Vesey Ward,https://www.birmingham.gov.uk/info/50381/past_election_results/1685/local_government_election_results_may_2018/6
68819fa096dded2f,Khalique Abdul,Lozells Ward,https://www.birmingham.gov.uk/info/50381/past_election_results/1685/local_government_election_results_may_2018/4
0884495a333756fc,Khan Amil,Alum Rock Ward,https://www.birmingham.gov.uk/info/50381/past_election_results/1685/local_government_election_results_may_2018
19738e5d1cef6c1b,Khan Ayoub,Aston Ward,https://www.birmingham.gov.uk/info/50381/past_election_results/1685/local_government_election_results_may_2018
8aafb2c18a5221eb,Khan Changese,Hall Green South Ward,https://www.birmingham.gov.uk/info/50381/past_election_results/1685/local_government_election_results_may_2018/3
ba7ad2aac72ff44f,Khan Raja Shahpal,Birchfield Ward,https://www.birmingham.gov.uk/info/50381/past_election_results/1685/local_government_election_results_may_2018
d864752f4269b281,Khan Shafayet Ali,Tyseley and Hay Mills Ward,https://www.birmingham.gov.uk/info/50381/past_election_results/1685/local_government_election_results_may_2018/7
a2825937d51e5a2b,Khan Zaheer,Small Heath Ward,https://www.birmingham.gov.uk/info/50381/past_election_results/1685/local_government_election_results_may_2018/6
b8c7734b79830807,"Khan, Mariam",Alum Rock Ward,https://www.birmingham.gov.uk/info/50381/past_election_results/1685/local_government_election_results_may_2018
bdf1231e4322f7a3,Kiff Alice Jean,Bournbrook and Selly Park Ward,https://www.birmingham.gov.uk/info/50381/past_election_results/1685/local_government_election_results_may_2018
99d8dd3598866ab7,"Knight, Graham",Longbridge and West Heath Ward,https://www.birmingham.gov.uk/info/50381/past_election_results/1685/local_government_election_results_may_2018/4
2c6a4d331d21cde6,Knowles Izzy,Moseley Ward,https://www.birmingham.gov.uk/info/50381/past_election_results/1685/local_government_election_results_may_2018/4
715a4bef3c71b728,Kooner Narinder Kaur,Handsworth Wood Ward,https://www.birmingham.gov.uk/info/50381/past_election_results/1685/local_government_election_results_may_2018/3
4b2438d9be639d64,"Lal, Chaman",Soho and Jewellery Quarter Ward,https://www.birmingham.gov.uk/info/50381/past_election_results/1685/local_government_election_results_may_2018/6
d542fc9067e9ffe9,Lambert Stephen James,Ladywood Ward,https://www.birmingham.gov.uk/info/50381/past_election_results/1685/local_government_election_results_may_2018/4
4681b89e9a25cbb9,Larden Julia,Sheldon Ward,https://www.birmingham.gov.uk/info/50381/past_election_results/1685/local_government_election_results_may_2018/6
adf1be3426180ded,Lawrence Reuben,Stirchley Ward,https://www.birmingham.gov.uk/info/50381/past_election_results/1685/local_government_election_results_may_2018/6
615b87ff4fffa214,Leddy Mike,Brandwood and Kings Heath Ward,https://www.birmingham.gov.uk/info/50381/past_election_results/1685/local_government_election_results_may_2018
1a3bd5a487e11d25,Leung Leona,Oscott Ward,https://www.birmingham.gov.uk/info/50381/past_election_results/1685/local_government_election_results_may_2018/4
b736dab60c7c7a71,Lines John,Bartley Green Ward,https://www.birmingham.gov.uk/info/50381/past_election_results/1685/local_government_election_results_may_2018
9eaf33340104d356,"Lines, Bruce John",Bartley Green Ward,https://www.birmingham.gov.uk/info/50381/past_election_results/1685/local_government_election_results_may_2018
3444f5ded08e93d1,Linnecor Keith William,Oscott Ward,https://www.birmingham.gov.uk/info/50381/past_election_results/1685/local_government_election_results_may_2018/4
8b6712271721b5d4,Lister Thomas,Alum Rock Ward,https://www.birmingham.gov.uk/info/50381/past_election_results/1685/local_government_election_results_may_2018
86edacd24d6d6c65,Lloyd Peter James,Kings Norton South Ward,https://www.birmingham.gov.uk/info/50381/past_election_results/1685/local_government_election_results_may_2018/3
7dd884c1540296fa,"Locke, Mary",Stirchley Ward,https://www.birmingham.gov.uk/info/50381/past_election_results/1685/local_government_election_results_may_2018/6
21d165db4ec38848,Mabbett Benjamin,Bournbrook and Selly Park Ward,https://www.birmingham.gov.uk/info/50381/past_election_results/1685/local_government_election_results_may_2018
5e7c134b3ac31704,Mackenzie-Lawrie Joshua Duncan,Brandwood and Kings Heath Ward,https://www.birmingham.gov.uk/info/50381/past_election_results/1685/local_government_election_results_may_2018
836177dbe2ef931f,Mackey Ewan,Sutton Roughley Ward,https://www.birmingham.gov.uk/info/50381/past_election_results/1685/local_government_election_results_may_2018/6
0e522192c744910f,Mackey Julia,Bordesley and Highgate Ward,https://www.birmingham.gov.uk/info/50381/past_election_results/1685/local_government_election_results_may_2018
04288151cb3ab210,Madden Sean,Sutton Trinity Ward,https://www.birmingham.gov.uk/info/50381/past_election_results/1685/local_government_election_results_may_2018/6
a9192492460a9e88,"Mahmood, Faisal",Heartlands Ward,https://www.birmingham.gov.uk/info/50381/past_election_results/1685/local_government_election_results_may_2018/3
30e7e31d089263a0,Majid Mahmood,Bromford and Hodge Hill Ward,https://www.birmingham.gov.uk/info/50381/past_election_results/1685/local_government_election_results_may_2018
4b130b5f20d17e89,"Malik, Zhor",Balsall Heath West Ward,https://www.birmingham.gov.uk/info/50381/past_election_results/1685/local_government_election_results_may_2018
cf3a7bf9f6af592d,Marcus Bernasconi,Edgbaston Ward,https://www.birmingham.gov.uk/info/50381/past_election_results/1685/local_government_election_results_may_2018/2
87b01e7414708019,Marriott Colin,Sutton Vesey Ward,https://www.birmingham.gov.uk/info/50381/past_election_results/1685/local_government_election_results_may_2018/6
250af6464d8e3645,Masters Anna,Bournville Ward,https://www.birmingham.gov.uk/info/50381/past_election_results/1685/local_government_election_results_may_2018
8f5240e69c261416,Masters Eleanor Jane,Weoley and Selly Oak Ward,https://www.birmingham.gov.uk/info/50381/past_election_results/1685/local_government_election_results_may_2018/7
04e7b6e7c6c1883d,Matt Bennett,Edgbaston Ward,https://www.birmingham.gov.uk/info/50381/past_election_results/1685/local_government_election_results_may_2018/2
9285fd3a6e418019,Maxwell Richard William,Soho and Jewellery Quarter Ward,https://www.birmingham.gov.uk/info/50381/past_election_results/1685/local_government_election_results_may_2018/6
21ebe63df7eac4b4,Mayner Jonny,Sutton Mere Green Ward,https://www.birmingham.gov.uk/info/50381/past_election_results/1685/local_government_election_results_may_2018/6
261b23a348daf30f,"McCarthy, Karen Teresa",Bournbrook and Selly Park Ward,https://www.birmingham.gov.uk/info/50381/past_election_results/1685/local_government_election_results_may_2018
f7712a674bae6382,Meghani Sundip,Harborne Ward,https://www.birmingham.gov.uk/info/50381/past_election_results/1685/local_government_election_results_may_2018/3
2cb871d066b6e360,"Mehmood, Asad",Bromford and Hodge Hill Ward,https://www.birmingham.gov.uk/info/50381/past_election_results/1685/local_government_election_results_may_2018
4f3de31d0d83a2b4,"Mehmood, Asif",Stockland Green Ward,https://www.birmingham.gov.uk/info/50381/past_election_results/1685/local_government_election_results_may_2018/6
7c0f87203f7d8201,Meirion Jenkins,Sutton Mere Green Ward,https://www.birmingham.gov.uk/info/50381/past_election_results/1685/local_government_election_results_may_2018/6
99ad8314ba40b65a,"Mendez, Violaine",Kingstanding Ward,https://www.birmingham.gov.uk/info/50381/past_election_results/1685/local_government_election_results_may_2018/3
f6644831c60fe01b,Mick Brown,Gravelly Hill Ward,https://www.birmingham.gov.uk/info/50381/past_election_results/1685/local_government_election_results_may_2018/2
97c6c834fa1b8457,Mills Philip David,Gravelly Hill Ward,https://www.birmingham.gov.uk/info/50381/past_election_results/1685/local_government_election_results_may_2018/2
9b90e62926f7e3d2,Mohammed Murad,Sparkhill Ward,https://www.birmingham.gov.uk/info/50381/past_election_results/1685/local_government_election_results_may_2018/6
78c507e13cbf2546,Mohammed Saeed,Bordesley Green Ward,https://www.birmingham.gov.uk/info/50381/past_election_results/1685/local_government_election_results_may_2018
9e268145e0112d2c,Moles Andrew William,Northfield Ward,https://www.birmingham.gov.uk/info/50381/past_election_results/1685/local_government_election_results_may_2018/4
ed4040e5a082f793,Moore Gareth Raymond,Erdington Ward,https://www.birmingham.gov.uk/info/50381/past_election_results/1685/local_government_election_results_may_2018/2
37a897fcecf62d99,"Morrall, Simon",Frankley Great Park Ward,https://www.birmingham.gov.uk/info/50381/past_election_results/1685/local_government_election_results_may_2018/2
aed313001844a0ca,Morriam Jan,Perry Barr Ward,https://www.birmingham.gov.uk/info/50381/past_election_results/1685/local_government_election_results_may_2018/5
4e3e7afbeeb780ef,"Morris, Kenneth Oliver",Ladywood Ward,https://www.birmingham.gov.uk/info/50381/past_election_results/1685/local_government_election_results_may_2018/4
bf12b9b4423e1942,Morrow Alan,Billesley Ward,https://www.birmingham.gov.uk/info/50381/past_election_results/1685/local_government_election_results_may_2018
32606fe94344d82b,Mosquito Yvonne Maria,Bordesley and Highgate Ward,https://www.birmingham.gov.uk/info/50381/past_election_results/1685/local_government_election_results_may_2018
462606f455ea2663,"Moynihan, Gerry",Small Heath Ward,https://www.birmingham.gov.uk/info/50381/past_election_results/1685/local_government_election_results_may_2018/6
7e8fea23e71ac9fb,Murray Bill,Brandwood and Kings Heath Ward,https://www.birmingham.gov.uk/info/50381/past_election_results/1685/local_government_election_results_may_2018
dd8bfcfc761a8473,Nawaz Luqmaan,Gravelly Hill Ward,https://www.birmingham.gov.uk/info/50381/past_election_results/1685/local_government_election_results_may_2018/2
09178100c21fc61a,Neilly Gwyn,Bromford and Hodge Hill Ward,https://www.birmingham.gov.uk/info/50381/past_election_results/1685/local_government_election_results_may_2018
1eb5d325e57d4c5c,Nettle Alexander,Edgbaston Ward,https://www.birmingham.gov.uk/info/50381/past_election_results/1685/local_government_election_results_may_2018/2
dfa474b1a12da0e5,Nicky Brennan,Sparkhill Ward,https://www.birmingham.gov.uk/info/50381/past_election_results/1685/local_government_election_results_may_2018/6
b782eeea56f219b9,Nolan Jenny,Edgbaston Ward,https://www.birmingham.gov.uk/info/50381/past_election_results/1685/local_government_election_results_may_2018/2
e5b6a2dcece0adf1,Nunan Fiona,Sutton Four Oaks Ward,https://www.birmingham.gov.uk/info/50381/past_election_results/1685/local_government_election_results_may_2018/6
a15d2af1159510e9,O'Callaghan Dominic Bernard Paul Hutton,Moseley Ward,https://www.birmingham.gov.uk/info/50381/past_election_results/1685/local_government_election_results_may_2018/4
c93fb7f3cbab7ddc,O'Hagan David Michael,Sutton Walmley and Minworth Ward,https://www.birmingham.gov.uk/info/50381/past_election_results/1685/local_government_election_results_may_2018/6
4a7094b21c48c998,O'Reilly Brett,Longbridge and West Heath Ward,https://www.birmingham.gov.uk/info/50381/past_election_results/1685/local_government_election_results_may_2018/4
1063309d855b9d74,O'Shea John,Acocks Green Ward,https://www.birmingham.gov.uk/info/50381/past_election_results/1685/local_government_election_results_may_2018
48055f51109dd66d,Okello Rachel Judith,Quinton Ward,https://www.birmingham.gov.uk/info/50381/past_election_results/1685/local_government_election_results_may_2018/5
354e06c0b7889896,Okole Anne Margaret,Northfield Ward,https://www.birmingham.gov.uk/info/50381/past_election_results/1685/local_government_election_results_may_2018/4
b79823f3229eacad,Osborne David,Bartley Green Ward,https://www.birmingham.gov.uk/info/50381/past_election_results/1685/local_government_election_results_may_2018
6c2a098e3d3bd9ca,Osborne Maureen Ada,Bartley Green Ward,https://www.birmingham.gov.uk/info/50381/past_election_results/1685/local_government_election_results_may_2018
b959e4fe25d11501,Padda Raj,North Edgbaston Ward,https://www.birmingham.gov.uk/info/50381/past_election_results/1685/local_government_election_results_may_2018/4
0f3f83d8cd06332b,Passey Louise,Sutton Vesey Ward,https://www.birmingham.gov.uk/info/50381/past_election_results/1685/local_government_election_results_may_2018/6
dd47529554b7ddb5,Peace Brian Alec,Kings Norton Ward,https://www.birmingham.gov.uk/info/50381/past_election_results/1685/local_government_election_results_may_2018/3
d69a6ec34991b3c7,Pearce Susan,Longbridge and West Heath Ward,https://www.birmingham.gov.uk/info/50381/past_election_results/1685/local_government_election_results_may_2018/4
e17641be8b013eb1,Penny Wagg,Acocks Green Ward,https://www.birmingham.gov.uk/info/50381/past_election_results/1685/local_government_election_results_may_2018
4a68ccac62465e4a,"Perrott, James",Kingstanding Ward,https://www.birmingham.gov.uk/info/50381/past_election_results/1685/local_government_election_results_may_2018/3
7fa44f64bf8018b5,"Pocock, Rob",Sutton Vesey Ward,https://www.birmingham.gov.uk/info/50381/past_election_results/1685/local_government_election_results_may_2018/6
687582583c84dadd,Potter Kate,Sutton Roughley Ward,https://www.birmingham.gov.uk/info/50381/past_election_results/1685/local_government_election_results_may_2018/6
624755c9fc48b523,Preston Judy,Sutton Reddicap Ward,https://www.birmingham.gov.uk/info/50381/past_election_results/1685/local_government_election_results_may_2018/6
74eec6fb3a52a98d,Preston Paul,Bartley Green Ward,https://www.birmingham.gov.uk/info/50381/past_election_results/1685/local_government_election_results_may_2018
4cae8fa6cd63997c,Psirides Nicholas,Sheldon Ward,https://www.birmingham.gov.uk/info/50381/past_election_results/1685/local_government_election_results_may_2018/6
e1949fc32cf95fb6,Qazi Nayaz Ahmed Omar,Ladywood Ward,https://www.birmingham.gov.uk/info/50381/past_election_results/1685/local_government_election_results_may_2018/4
dbb678b5fcc2d69e,Quinn Victoria,Druids Heath and Monyhull Ward,https://www.birmingham.gov.uk/info/50381/past_election_results/1685/local_government_election_results_may_2018/2
d5bf5ab3b922799b,Quinnen Hendrina,Handsworth Ward,https://www.birmingham.gov.uk/info/50381/past_election_results/1685/local_government_election_results_may_2018/3
26145382626305ff,"Radcliffe, David Stephen",Bournville Ward,https://www.birmingham.gov.uk/info/50381/past_election_results/1685/local_government_election_results_may_2018
0b2eac5073d16fad,Rahman Aminur,Bromford and Hodge Hill Ward,https://www.birmingham.gov.uk/info/50381/past_election_results/1685/local_government_election_results_may_2018
5d6628049dec36ae,Rahman Enam-Ur Abu Sala Mohammed,Handsworth Ward,https://www.birmingham.gov.uk/info/50381/past_election_results/1685/local_government_election_results_may_2018/3
518d11388816be9d,Rahman Rafiqur,Glebe Farm and Tile Cross Ward,https://www.birmingham.gov.uk/info/50381/past_election_results/1685/local_government_election_results_may_2018/2
a387574ad953eff0,Rana Vijay,Aston Ward,https://www.birmingham.gov.uk/info/50381/past_election_results/1685/local_government_election_results_may_2018
f7b0cddad62d7b44,Rashid Chauhdry,Bordesley Green Ward,https://www.birmingham.gov.uk/info/50381/past_election_results/1685/local_government_election_results_may_2018
01f3cf96b5dc7e47,Rashid Tariq,Perry Barr Ward,https://www.birmingham.gov.uk/info/50381/past_election_results/1685/local_government_election_results_may_2018/5
68a1e4d207c6bfe5,Ratcliff David Martin,Sutton Mere Green Ward,https://www.birmingham.gov.uk/info/50381/past_election_results/1685/local_government_election_results_may_2018/6
007c55bdf1362704,Rehman Shamsur,Glebe Farm and Tile Cross Ward,https://www.birmingham.gov.uk/info/50381/past_election_results/1685/local_government_election_results_may_2018/2
4868238ef7398916,Reilly Callum Lewis,Erdington Ward,https://www.birmingham.gov.uk/info/50381/past_election_results/1685/local_government_election_results_may_2018/2
23c65a415ff928ef,Rice Carl Joseph,North Edgbaston Ward,https://www.birmingham.gov.uk/info/50381/past_election_results/1685/local_government_election_results_may_2018/4
ed199f894a938b68,"Robertson, James",Bartley Green Ward,https://www.birmingham.gov.uk/info/50381/past_election_results/1685/local_government_election_results_may_2018
656b512a61b24089,"Robinson, Fergus David",Glebe Farm and Tile Cross Ward,https://www.birmingham.gov.uk/info/50381/past_election_results/1685/local_government_election_results_may_2018/2
1b3f387558051a80,Robson Lou,Hall Green North Ward,https://www.birmingham.gov.uk/info/50381/past_election_results/1685/local_government_election_results_may_2018/3
bcd5ac33c6b4f38f,Rodgers Dick,Allens Cross Ward,https://www.birmingham.gov.uk/info/50381/past_election_results/1685/local_government_election_results_may_2018
fce658ccddc1c090,Ross Colin,Alum Rock Ward,https://www.birmingham.gov.uk/info/50381/past_election_results/1685/local_government_election_results_may_2018
122aac77fe903062,Roxanne Green,Sparkbrook and Balsall Heath East Ward,https://www.birmingham.gov.uk/info/50381/past_election_results/1685/local_government_election_results_may_2018/6
cb64786b9ff3b219,Saddak Miah,Garretts Green Ward,https://www.birmingham.gov.uk/info/50381/past_election_results/1685/local_government_election_results_may_2018/2
1e2b7993fc2fb87a,Sambrook Gary William,Kingstanding Ward,https://www.birmingham.gov.uk/info/50381/past_election_results/1685/local_government_election_results_may_2018/3
9667ba5d5c379dec,Scott Jamie Christian,Edgbaston Ward,https://www.birmingham.gov.uk/info/50381/past_election_results/1685/local_government_election_results_may_2018/2
e0184d29f136179f,Scott Kath,Sutton Vesey Ward,https://www.birmingham.gov.uk/info/50381/past_election_results/1685/local_government_election_results_may_2018/6
7156236880d78e61,Scroggie James Patrick,Shard End Ward,https://www.birmingham.gov.uk/info/50381/past_election_results/1685/local_government_election_results_may_2018/6
ab02d070e341a8cc,Sealey Rob,Bournville Ward,https://www.birmingham.gov.uk/info/50381/past_election_results/1685/local_government_election_results_may_2018
bf790498d2a48eeb,Seymour-Smith Lucy Emma,Billesley Ward,https://www.birmingham.gov.uk/info/50381/past_election_results/1685/local_government_election_results_may_2018
2f961b5898b9f060,Shafique Shah,Heartlands Ward,https://www.birmingham.gov.uk/info/50381/past_election_results/1685/local_government_election_results_may_2018/3
5348ed4b6df217c4,Sharpe Michael John,Pype Hayes Ward,https://www.birmingham.gov.uk/info/50381/past_election_results/1685/local_government_election_results_may_2018/5
9e2b4d204cb2882e,Shastri-Hurst Neil,Nechells Ward,https://www.birmingham.gov.uk/info/50381/past_election_results/1685/local_government_election_results_may_2018/4
795e8d6d311c3d6e,Shaukat Ali Khan,Small Heath Ward,https://www.birmingham.gov.uk/info/50381/past_election_results/1685/local_government_election_results_may_2018/6
812e78af540c445f,"Shemmans, Joanne",Bartley Green Ward,https://www.birmingham.gov.uk/info/50381/past_election_results/1685/local_government_election_results_may_2018
0ec0fc9eb4f60d29,Sheridan Mike,Tyseley and Hay Mills Ward,https://www.birmingham.gov.uk/info/50381/past_election_results/1685/local_government_election_results_may_2018/7
ee6c93ab71623dae,Sidhu Akaal,Harborne Ward,https://www.birmingham.gov.uk/info/50381/past_election_results/1685/local_government_election_results_may_2018/3
be62ebb5b00fc427,Sidhu Dal,North Edgbaston Ward,https://www.birmingham.gov.uk/info/50381/past_election_results/1685/local_government_election_results_may_2018/4
cd14be4aadeed577,Simpson Phil,Harborne Ward,https://www.birmingham.gov.uk/info/50381/past_election_results/1685/local_government_election_results_may_2018/3
fb3a6c1167e85d5a,Singh Satwinder,Sparkbrook and Balsall Heath East Ward,https://www.birmingham.gov.uk/info/50381/past_election_results/1685/local_government_election_results_may_2018/6
89d49970068ca7da,Singh Sohan,Hall Green North Ward,https://www.birmingham.gov.uk/info/50381/past_election_results/1685/local_government_election_results_may_2018/3
1bf9b67a97cedb68,Smyth Dee,Erdington Ward,https://www.birmingham.gov.uk/info/50381/past_election_results/1685/local_government_election_results_may_2018/2
4baf0c3aa1c3431b,Spence Sybil,Soho and Jewellery Quarter Ward,https://www.birmingham.gov.uk/info/50381/past_election_results/1685/local_government_election_results_may_2018/6
be7cc0811de4b427,Spencer John Malcolm,Sutton Wylde Green Ward,https://www.birmingham.gov.uk/info/50381/past_election_results/1685/local_government_election_results_may_2018/6
73d96befb8bb3fb3,Spruce Andrew James,Hall Green North Ward,https://www.birmingham.gov.uk/info/50381/past_election_results/1685/local_government_election_results_may_2018/3
be795fc98c1b6db9,Spruce Stephanie Louise,Hall Green North Ward,https://www.birmingham.gov.uk/info/50381/past_election_results/1685/local_government_election_results_may_2018/3
021b0e17dabdd1db,"Stanton, Elly",Stirchley Ward,https://www.birmingham.gov.uk/info/50381/past_election_results/1685/local_government_election_results_may_2018/6
ed444aedbf198d6d,Stimpson Timothy Matthew,Bournville Ward,https://www.birmingham.gov.uk/info/50381/past_election_results/1685/local_government_election_results_may_2018
88576ed5ef1128bd,Storer Mary,Heartlands Ward,https://www.birmingham.gov.uk/info/50381/past_election_results/1685/local_government_election_results_may_2018/3
1418702d9ac93f5f,"Storer, Ron",Kingstanding Ward,https://www.birmingham.gov.uk/info/50381/past_election_results/1685/local_government_election_results_may_2018/3
d15d7f56cb7d8790,Straker Welds Martin Gladstone,Moseley Ward,https://www.birmingham.gov.uk/info/50381/past_election_results/1685/local_government_election_results_may_2018/4
d629c9c289717bfa,Sucilla-O'Sullivan Kris,Castle Vale Ward,https://www.birmingham.gov.uk/info/50381/past_election_results/1685/local_government_election_results_may_2018/2
a1abdb4ccb2e3c76,Sweet Mohammed Choudhury,Sparkbrook and Balsall Heath East Ward,https://www.birmingham.gov.uk/info/50381/past_election_results/1685/local_government_election_results_may_2018/6
523a9aa2d3fe227a,Sword Trevor Peter,Weoley and Selly Oak Ward,https://www.birmingham.gov.uk/info/50381/past_election_results/1685/local_government_election_results_may_2018/7
888ae821342d73f0,Syed Riz,Stockland Green Ward,https://www.birmingham.gov.uk/info/50381/past_election_results/1685/local_government_election_results_may_2018/6
60c6ea6cfbbc4dc9,Talukder Mohammed Zia Uddin,Sparkhill Ward,https://www.birmingham.gov.uk/info/50381/past_election_results/1685/local_government_election_results_may_2018/6
41230697f06f601e,Thomas Clare,Highters Heath Ward,https://www.birmingham.gov.uk/info/50381/past_election_results/1685/local_government_election_results_may_2018/3
a187181acc10abfe,Thompson Sharon,North Edgbaston Ward,https://www.birmingham.gov.uk/info/50381/past_election_results/1685/local_government_election_results_may_2018/4
b29b41bb030de319,Thornton Sophie,Bournbrook and Selly Park Ward,https://www.birmingham.gov.uk/info/50381/past_election_results/1685/local_government_election_results_may_2018
5a41b350ba76a80f,Tifow Ayan,Bordesley Green Ward,https://www.birmingham.gov.uk/info/50381/past_election_results/1685/local_government_election_results_may_2018
c0bee63ec5589ae2,"Tilsley, Paul Calvin",Sheldon Ward,https://www.birmingham.gov.uk/info/50381/past_election_results/1685/local_government_election_results_may_2018/6
ac6bc7f362f25707,Tomlinson Paul,Sutton Roughley Ward,https://www.birmingham.gov.uk/info/50381/past_election_results/1685/local_government_election_results_may_2018/6
4dd69b60f0f22d86,"Trickett, Lisa",Brandwood and Kings Heath Ward,https://www.birmingham.gov.uk/info/50381/past_election_results/1685/local_government_election_results_may_2018
7b0f9752c736c788,Tudor Bogdan,Bromford and Hodge Hill Ward,https://www.birmingham.gov.uk/info/50381/past_election_results/1685/local_government_election_results_may_2018
4d6dd1eab862c67e,Turner John Robert,Moseley Ward,https://www.birmingham.gov.uk/info/50381/past_election_results/1685/local_government_election_results_may_2018/4
272f3605c3bde07b,Uddin Kabir,Small Heath Ward,https://www.birmingham.gov.uk/info/50381/past_election_results/1685/local_government_election_results_may_2018/6
cb09f9b7ad504681,Uddin Sham,Aston Ward,https://www.birmingham.gov.uk/info/50381/past_election_results/1685/local_government_election_results_may_2018
795bc179f61b7aeb,Wackett Ann Ruth,Yardley East Ward,https://www.birmingham.gov.uk/info/50381/past_election_results/1685/local_government_election_results_may_2018/7
d3581c602cbdeef4,Wagg Philip Richard Charles,Billesley Ward,https://www.birmingham.gov.uk/info/50381/past_election_results/1685/local_government_election_results_may_2018
dc1c72b6b5fdaedd,Walder Clive Richard,Bournville Ward,https://www.birmingham.gov.uk/info/50381/past_election_results/1685/local_government_election_results_may_2018
f9463237fd0dadf3,Walker Joanna Mary,Quinton Ward,https://www.birmingham.gov.uk/info/50381/past_election_results/1685/local_government_election_results_may_2018/5
53f28aaabd3dfba2,Ward Corinthia Joy,Perry Barr Ward,https://www.birmingham.gov.uk/info/50381/past_election_results/1685/local_government_election_results_may_2018/5
8bf3fb4fd4664365,Ward Ian Antony,Shard End Ward,https://www.birmingham.gov.uk/info/50381/past_election_results/1685/local_government_election_results_may_2018/6
f9eebaf1e16ee392,"Ward, Anita",Perry Common Ward,https://www.birmingham.gov.uk/info/50381/past_election_results/1685/local_government_election_results_may_2018/5
a76218957dae40a1,"Ward, Mike",Sheldon Ward,https://www.birmingham.gov.uk/info/50381/past_election_results/1685/local_government_election_results_may_2018/6
23d4e8c557060b1b,Watson Luke,Acocks Green Ward,https://www.birmingham.gov.uk/info/50381/past_election_results/1685/local_government_election_results_may_2018
b21581a73462cc83,Webb Suzanne,Castle Vale Ward,https://www.birmingham.gov.uk/info/50381/past_election_results/1685/local_government_election_results_may_2018/2
47db6ac51d75cd5a,Welburn David Arthur,South Yardley Ward,https://www.birmingham.gov.uk/info/50381/past_election_results/1685/local_government_election_results_may_2018/6
f1b87d9045e89f06,"Welch, Clifton Frederick",Pype Hayes Ward,https://www.birmingham.gov.uk/info/50381/past_election_results/1685/local_government_election_results_may_2018/5
35248bd34d1ff947,White Steve,Handsworth Wood Ward,https://www.birmingham.gov.uk/info/50381/past_election_results/1685/local_government_election_results_may_2018/3
a04a80933245bde9,Whorwood James Edward,Longbridge and West Heath Ward,https://www.birmingham.gov.uk/info/50381/past_election_results/1685/local_government_election_results_may_2018/4
99cc987eac634fd0,"Wilkinson, Jenny",Sutton Trinity Ward,https://www.birmingham.gov.uk/info/50381/past_election_results/1685/local_government_election_results_may_2018/6
9cd3a54607e87a06,"Willett, David Michael",Sutton Four Oaks Ward,https://www.birmingham.gov.uk/info/50381/past_election_results/1685/local_government_election_results_may_2018/6
84f3717422ce3006,Williams Owen Vaughan,Stirchley Ward,https://www.birmingham.gov.uk/info/50381/past_election_results/1685/local_government_election_results_may_2018/6
43cf005b16da0200,"Williams, Fiona",Acocks Green Ward,https://www.birmingham.gov.uk/info/50381/past_election_results/1685/local_government_election_results_may_2018
43ef19df2cf4df5c,Witts Sam,Bournbrook and Selly Park Ward,https://www.birmingham.gov.uk/info/50381/past_election_results/1685/local_government_election_results_may_2018
70bf16c7f4e67dc5,Wood Barbara Iris,Kings Norton South Ward,https://www.birmingham.gov.uk/info/50381/past_election_results/1685/local_government_election_results_may_2018/3
8a66678054ec316b,"Woodley, Ted",Stockland Green Ward,https://www.birmingham.gov.uk/info/50381/past_election_results/1685/local_government_election_results_may_2018/6
da01d2e00ecc3b18,"Wright, Robert Ian",Weoley and Selly Oak Ward,https://www.birmingham.gov.uk/info/50381/past_election_results/1685/local_government_election_results_may_2018/7
089d31859a0383ba,Xerri-Brooks Rachel Ruana,Moseley Ward,https://www.birmingham.gov.uk/info/50381/past_election_results/1685/local_government_election_results_may_2018/4
9b7421fe4b71908d,Zaffar Waseem,Lozells Ward,https://www.birmingham.gov.uk/info/50381/past_election_results/1685/local_government_election_results_may_2018/4
